"ID","Calories","Calories.predict.All.X.no.rnorm.rf","Calories.predict.All.X.no.rnorm.rf.err","Calories.predict.All.X.no.rnorm.rf.accurate"
1005,371,371.228066666666,0.22806666666645,FALSE
1006,334,345.498666666667,11.4986666666668,FALSE
1007,300,317.999533333333,17.9995333333333,FALSE
1019,264,274.839433333333,10.8394333333333,FALSE
1021,466,470.983166666667,4.9831666666667,FALSE
1022,356,356.201033333333,0.201033333333271,FALSE
1024,327,335.5764,8.57639999999998,FALSE
1026,300,307.960966666667,7.96096666666671,FALSE
1027,318,329.4751,11.4750999999999,FALSE
1037,138,137.612466666667,0.387533333333295,FALSE
1038,387,385.979466666667,1.02053333333345,FALSE
1041,340,340.331466666667,0.331466666666643,FALSE
1042,371,370.401666666667,0.598333333333244,FALSE
1043,375,378.013633333333,3.01363333333296,FALSE
1050,195,209.286233333333,14.2862333333333,FALSE
1055,135,163.6405,28.6404999999999,FALSE
1060,63,63.3210333333333,0.321033333333297,FALSE
1073,318,376.926633333333,58.9266333333333,FALSE
1074,208,219.808733333333,11.8087333333332,FALSE
1081,56,54.1478666666667,1.85213333333332,FALSE
1082,42,42.3957666666666,0.395766666666646,FALSE
1088,40,40.457,0.456999999999994,FALSE
1091,362,343.058433333333,18.9415666666667,FALSE
1092,358,343.368433333333,14.6315666666667,FALSE
1094,387,345.011133333334,41.9888666666665,FALSE
1095,321,322.3646,1.36459999999994,FALSE
1104,63,57.6884666666667,5.31153333333332,FALSE
1105,77,74.9099666666666,2.09003333333338,FALSE
1107,70,73.8371666666666,3.83716666666665,FALSE
1108,97,108.5523,11.5523,FALSE
1112,24,26.451,2.45099999999999,FALSE
1114,27,30.2461333333334,3.24613333333335,FALSE
1115,353,346.129666666667,6.87033333333341,FALSE
1116,61,62.9344333333333,1.93443333333332,FALSE
1117,63,71.8039666666667,8.80396666666665,FALSE
1118,56,62.6299,6.6299,FALSE
1124,52,53.7142,1.71419999999998,FALSE
1135,351,349.748766666667,1.25123333333329,FALSE
1136,376,349.472866666667,26.5271333333333,FALSE
1138,185,194.6321,9.63209999999989,FALSE
1140,158,162.863966666667,4.86396666666658,FALSE
1144,444,342.821033333333,101.178966666667,FALSE
1153,134,137.2839,3.28390000000005,FALSE
1154,362,342.9096,19.0904000000001,FALSE
1157,364,368.915833333333,4.91583333333318,FALSE
1164,197,195.398066666667,1.60193333333333,FALSE
1179,138,133.0373,4.96269999999998,FALSE
1182,282,280.6538,1.34620000000001,FALSE
1184,43,41.9124,1.0876,FALSE
1187,112,104.8276,7.17240000000002,FALSE
1193,152,173.893866666667,21.8938666666666,FALSE
1195,96,93.6551333333333,2.34486666666668,FALSE
1198,55,49.8739666666667,5.12603333333334,FALSE
1206,498,466.489566666666,31.5104333333335,FALSE
1208,274,270.780566666667,3.21943333333326,FALSE
1209,282,279.5745,2.4255,FALSE
1216,99,99.3037,0.303699999999978,FALSE
1217,102,101.336433333333,0.663566666666682,FALSE
1219,105,103.6943,1.30569999999996,FALSE
1221,43,41.9034,1.0966,FALSE
1231,86,85.3446333333333,0.655366666666666,FALSE
1236,222,223.504566666667,1.5045666666667,FALSE
1237,331,406.933466666667,75.9334666666667,FALSE
1239,240,240.983466666667,0.983466666666715,FALSE
1243,129,144.9108,15.9108000000001,FALSE
1244,147,168.484033333333,21.4840333333333,FALSE
2002,337,316.845666666667,20.1543333333333,FALSE
2003,233,303.415533333333,70.4155333333333,FALSE
2007,392,454.637266666667,62.6372666666666,FALSE
2008,237,286.5607,49.5606999999999,FALSE
2011,274,389.037333333333,115.037333333333,FALSE
2012,279,282.334166666667,3.33416666666653,FALSE
2014,375,403.9584,28.9583999999996,FALSE
2015,325,309.8681,15.1318999999999,FALSE
2018,345,308.418233333333,36.5817666666667,FALSE
2025,525,531.132633333333,6.13263333333327,FALSE
2031,318,357.4,39.4000000000002,FALSE
2032,296,325.353033333333,29.353033333333,FALSE
2034,307,316.0789,9.07890000000015,FALSE
2036,331,422.7086,91.7086,FALSE
2038,315,367.167066666666,52.1670666666665,FALSE
2043,354,304.533966666667,49.4660333333333,FALSE
2050,288,68.5788666666667,219.421133333333,FALSE
2053,18,19.9145333333333,1.91453333333333,FALSE
2055,48,52.1222666666667,4.12226666666666,FALSE
2063,131,141.749933333333,10.7499333333334,FALSE
2068,19,10.0339666666667,8.96603333333334,FALSE
3820,88,85.1794,2.82059999999997,FALSE
3849,514,501.2067,12.7933,FALSE
4001,902,899.381766666667,2.61823333333314,FALSE
4013,70,80.2582,10.2582,FALSE
4017,370,450.441533333333,80.4415333333334,FALSE
4018,390,393.039066666666,3.03906666666649,FALSE
4023,195,206.344766666667,11.3447666666667,FALSE
4025,718,711.8881,6.11190000000022,FALSE
4026,717,718.309933333333,1.30993333333311,FALSE
4028,97,97.5183333333333,0.518333333333331,FALSE
4034,884,816.195133333333,67.8048666666667,FALSE
4037,884,886.165566666667,2.16556666666668,FALSE
4044,884,884.1499,0.149900000000116,FALSE
4055,884,884.02,0.0199999999999818,FALSE
4120,457,523.0681,66.0680999999998,FALSE
4141,459,523.704633333333,64.7046333333333,FALSE
4145,717,716.9422,0.0578000000000429,FALSE
4146,631,629.6078,1.39219999999989,FALSE
4513,862,884,22,FALSE
4515,884,884,0,TRUE
4517,884,884.175033333333,0.175033333333204,FALSE
4528,884,873.0246,10.9754,FALSE
4530,884,873.806766666666,10.1932333333335,FALSE
4536,884,879.548,4.45199999999966,FALSE
4539,476,458.098766666667,17.9012333333334,FALSE
4545,884,884.0235,0.0235000000000127,FALSE
4548,884,884,0,TRUE
4549,900,899.1162,0.883799999999951,FALSE
4554,884,884,0,TRUE
4556,884,884.083,0.08299999999997,FALSE
4573,884,883.265266666667,0.734733333333224,FALSE
4584,884,884,0,TRUE
4585,714,715.8873,1.88729999999998,FALSE
4586,884,884.319833333333,0.319833333333349,FALSE
4593,902,899.960266666667,2.03973333333329,FALSE
4594,902,901.1386,0.86139999999989,FALSE
4613,533,535.8706,2.87059999999985,FALSE
4614,526,532.928,6.92799999999977,FALSE
4618,713,714.933033333333,1.93303333333347,FALSE
4627,330,335.451733333333,5.45173333333332,FALSE
4628,717,717.1491,0.149099999999862,FALSE
4629,628,624.293966666667,3.70603333333293,FALSE
4633,175,199.843666666667,24.8436666666666,FALSE
4635,132,129.943233333333,2.05676666666665,FALSE
4638,119,129.0041,10.0041,FALSE
4639,484,460.610033333333,23.3899666666669,FALSE
4641,324,335.3091,11.3091,FALSE
4644,884,884,0,TRUE
4652,884,884,0,TRUE
4657,884,884.005266666667,0.00526666666678466,FALSE
4661,880,877.249266666667,2.75073333333319,FALSE
4667,884,884,0,TRUE
4673,583,618.771033333333,35.7710333333334,FALSE
4674,337,347.926,10.9260000000001,FALSE
4678,884,881.11,2.88999999999976,FALSE
4690,339,356.820266666667,17.8202666666668,FALSE
4693,537,546.539233333333,9.53923333333319,FALSE
4698,900,883.216,16.784,FALSE
4700,884,825.891966666667,58.1080333333332,FALSE
4706,169,166.344,2.65600000000003,FALSE
5001,213,211.169233333333,1.83076666666668,FALSE
5003,272,262.881933333333,9.11806666666666,FALSE
5004,234,238.031833333333,4.03183333333331,FALSE
5006,215,213.851933333333,1.14806666666661,FALSE
5007,289,277.5904,11.4096000000002,FALSE
5010,219,218.953266666667,0.0467333333334068,FALSE
5011,119,120.231566666667,1.23156666666669,FALSE
5012,219,213.9057,5.09430000000009,FALSE
5014,177,175.765866666667,1.23413333333329,FALSE
5018,454,462.278866666667,8.27886666666706,FALSE
5020,124,123.4676,0.53240000000001,FALSE
5023,94,94.6486666666667,0.648666666666685,FALSE
5024,154,151.132833333333,2.86716666666666,FALSE
5026,185,186.0764,1.07639999999995,FALSE
5029,186,184.355533333333,1.64446666666666,FALSE
5036,285,267.762133333333,17.2378666666667,FALSE
5039,114,113.870866666667,0.129133333333272,FALSE
5052,258,262.407966666666,4.40796666666643,FALSE
5053,137,138.469133333333,1.46913333333339,FALSE
5062,114,112.936333333333,1.06366666666663,FALSE
5066,159,160.935833333333,1.93583333333331,FALSE
5073,149,145.2313,3.7687,FALSE
5075,214,216.536533333333,2.5365333333333,FALSE
5076,273,260.020133333333,12.9798666666667,FALSE
5077,254,247.325533333333,6.67446666666675,FALSE
5078,184,184.754633333333,0.754633333333402,FALSE
5079,220,219.316533333333,0.683466666666675,FALSE
5085,330,308.626933333333,21.3730666666667,FALSE
5086,332,322.424333333333,9.57566666666673,FALSE
5089,229,221.194166666667,7.80583333333337,FALSE
5090,179,178.7719,0.22810000000004,FALSE
5095,232,231.707566666666,0.29243333333352,FALSE
5100,222,219.032166666667,2.96783333333332,FALSE
5104,249,249.874966666667,0.874966666666666,FALSE
5107,203,199.524166666667,3.47583333333341,FALSE
5111,216,217.009533333333,1.00953333333334,FALSE
5115,127,127.481166666667,0.481166666666624,FALSE
5120,178,172.8276,5.17240000000004,FALSE
5122,214,212.415833333333,1.58416666666676,FALSE
5124,285,284.378333333333,0.621666666666783,FALSE
5126,237,235.355133333333,1.6448666666667,FALSE
5132,258,253.4322,4.56779999999986,FALSE
5134,226,222.5086,3.49140000000014,FALSE
5144,211,215.861366666667,4.86136666666675,FALSE
5146,371,371.618433333333,0.61843333333303,FALSE
5148,161,159.055833333333,1.94416666666669,FALSE
5149,238,232.175166666666,5.82483333333363,FALSE
5154,133,132.056133333333,0.943866666666707,FALSE
5156,134,132.004833333333,1.99516666666662,FALSE
5158,134,131.541533333333,2.45846666666668,FALSE
5162,134,131.721533333333,2.2784666666667,FALSE
5164,205,203.665933333333,1.33406666666667,FALSE
5168,170,166.941833333333,3.05816666666672,FALSE
5169,389,384.697366666667,4.30263333333318,FALSE
5182,197,193.2158,3.78419999999997,FALSE
5184,221,218.101966666667,2.89803333333333,FALSE
5186,157,150.560266666667,6.43973333333335,FALSE
5187,125,128.233466666667,3.23346666666663,FALSE
5192,189,191.689,2.68899999999999,FALSE
5195,197,196.578533333333,0.421466666666646,FALSE
5196,229,221.788566666667,7.21143333333339,FALSE
5197,133,131.318133333333,1.68186666666668,FALSE
5198,171,170.916466666666,0.08353333333352,FALSE
5201,110,111.354766666667,1.35476666666666,FALSE
5204,299,302.908066666667,3.90806666666651,FALSE
5207,129,132.2133,3.21329999999998,FALSE
5208,182,180.563666666667,1.43633333333335,FALSE
5209,108,111.447633333333,3.44763333333329,FALSE
5213,151,150.4927,0.507300000000015,FALSE
5214,204,204.174266666667,0.17426666666654,FALSE
5218,153,150.2994,2.70059999999989,FALSE
5226,207,207.708433333333,0.708433333333318,FALSE
5227,106,106.213766666667,0.213766666666672,FALSE
5232,218,214.3235,3.67650000000003,FALSE
5239,172,172.523533333333,0.523533333333347,FALSE
5240,232,225.9039,6.09610000000004,FALSE
5244,192,191.793566666667,0.206433333333393,FALSE
5252,238,239.5398,1.5397999999999,FALSE
5254,199,196.643966666667,2.35603333333327,FALSE
5257,117,115.774833333333,1.22516666666658,FALSE
5267,123,120.507833333333,2.49216666666671,FALSE
5268,185,183.883633333333,1.11636666666655,FALSE
5274,206,203.698533333333,2.30146666666681,FALSE
5277,165,162.0989,2.90109999999996,FALSE
5284,169,164.115433333333,4.88456666666661,FALSE
5285,138,132.876666666667,5.12333333333331,FALSE
5286,67,78.4166333333334,11.4166333333334,FALSE
5292,283,274.971133333333,8.02886666666672,FALSE
5294,157,158.354566666667,1.35456666666664,FALSE
5295,120,102.5112,17.4888,FALSE
5296,155,144.167766666667,10.8322333333334,FALSE
5301,272,297.3978,25.3978,FALSE
5302,199,203.085266666667,4.08526666666668,FALSE
5303,243,245.598933333333,2.59893333333349,FALSE
5311,185,184.3388,0.66119999999998,FALSE
5312,211,196.541933333333,14.4580666666666,FALSE
5316,140,150.118533333333,10.1185333333333,FALSE
5323,292,281.115166666667,10.8848333333333,FALSE
5325,293,274.978266666667,18.0217333333333,FALSE
5341,205,211.135266666667,6.13526666666664,FALSE
5342,148,156.688233333333,8.6882333333333,FALSE
5345,196,199.813666666667,3.81366666666665,FALSE
5346,197,205.094066666667,8.09406666666678,FALSE
5354,148,148.3804,0.380400000000066,FALSE
5600,118,111.061233333333,6.93876666666665,FALSE
5625,102,104.024,2.02400000000004,FALSE
5627,168,153.525066666667,14.4749333333332,FALSE
5630,103,110.016933333333,7.01693333333334,FALSE
5631,141,136.1711,4.82890000000003,FALSE
5642,175,174.225066666667,0.774933333333394,FALSE
5647,164,163.5587,0.441300000000012,FALSE
5663,151,148.557366666667,2.44263333333342,FALSE
5665,150,156.712533333333,6.71253333333337,FALSE
5666,213,217.128866666667,4.12886666666665,FALSE
5671,149,158.0709,9.07089999999999,FALSE
6001,69,72.5716666666667,3.57166666666666,FALSE
6003,40,42.6158,2.61579999999999,FALSE
6004,129,126.872233333333,2.12776666666666,FALSE
6007,95,96.6142333333333,1.61423333333333,FALSE
6009,67,64.3837,2.61630000000002,FALSE
6016,90,89.1092666666667,0.890733333333316,FALSE
6018,39,39.2996666666667,0.29966666666666,FALSE
6019,52,50.6674,1.33260000000002,FALSE
6027,56,54.1645,1.83549999999998,FALSE
6030,72,70.7511333333333,1.24886666666667,FALSE
6041,56,58.2103,2.21029999999999,FALSE
6048,48,46.1791,1.82089999999999,FALSE
6053,59,60.5105,1.51050000000001,FALSE
6057,16,16.326,0.326000000000004,FALSE
6060,78,72.4766,5.52340000000002,FALSE
6070,66,59.5778666666667,6.42213333333333,FALSE
6071,63,66.0197333333333,3.01973333333333,FALSE
6080,267,240.714833333333,26.2851666666667,FALSE
6084,63,67.2171333333334,4.21713333333336,FALSE
6091,12,14.4443333333333,2.44433333333334,FALSE
6094,293,290.626666666667,2.37333333333311,FALSE
6103,448,457.705733333333,9.70573333333346,FALSE
6120,381,384.5278,3.52779999999973,FALSE
6124,367,361.675966666667,5.32403333333326,FALSE
6126,367,357.890166666667,9.10983333333343,FALSE
6159,66,66.1027333333333,0.102733333333305,FALSE
6168,11,13.8905333333333,2.89053333333333,FALSE
6172,36,36.6595666666667,0.65956666666667,FALSE
6180,46,42.6941666666667,3.30583333333333,FALSE
6183,7,10.3248666666667,3.32486666666667,FALSE
6189,89,81.9147666666667,7.08523333333332,FALSE
6193,68,62.5824333333333,5.41756666666667,FALSE
6194,5,7.29353333333334,2.29353333333334,FALSE
6195,65,63.2588333333333,1.74116666666666,FALSE
6208,65,70.6392,5.63919999999997,FALSE
6211,92,103.1983,11.1982999999999,FALSE
6213,73,81.5285333333333,8.52853333333334,FALSE
6221,69,68.4418333333334,0.558166666666637,FALSE
6229,62,64.5487666666667,2.54876666666668,FALSE
6236,77,53.3164333333333,23.6835666666667,FALSE
6245,57,55.1277333333333,1.87226666666667,FALSE
6248,55,62.0782,7.0782,FALSE
6253,60,58.5801,1.41989999999998,FALSE
6264,72,72.0779666666666,0.0779666666666259,FALSE
6311,40,42.0005666666667,2.00056666666667,FALSE
6315,37,37.4296,0.429600000000001,FALSE
6316,51,48.1739333333333,2.82606666666666,FALSE
6317,25,29.2171333333333,4.21713333333334,FALSE
6321,76,73.9778333333333,2.02216666666669,FALSE
6322,34,40.9673666666667,6.96736666666666,FALSE
6325,67,74.3742666666666,7.37426666666663,FALSE
6327,34,26.5938,7.4062,FALSE
6328,34,32.1507333333333,1.84926666666668,FALSE
6330,34,33.7400666666667,0.259933333333329,FALSE
6331,42,37.3687333333333,4.63126666666667,FALSE
6332,42,42.6282,0.628200000000007,FALSE
6336,97,94.0089,2.99109999999999,FALSE
6343,97,99.2653,2.26529999999998,FALSE
6363,56,55.7269666666667,0.273033333333338,FALSE
6370,71,66.5431333333333,4.45686666666667,FALSE
6372,89,91.5033333333334,2.50333333333336,FALSE
6380,141,131.851666666667,9.14833333333334,FALSE
6386,68,72.8362666666667,4.83626666666672,FALSE
6387,44,57.4655333333333,13.4655333333333,FALSE
6392,86,84.9121333333333,1.08786666666667,FALSE
6393,82,80.1181666666667,1.88183333333332,FALSE
6394,78,78.0538666666667,0.0538666666666501,FALSE
6396,53,51.2912666666666,1.70873333333338,FALSE
6398,95,96.4138666666667,1.41386666666671,FALSE
6409,34,34.2440333333333,0.244033333333327,FALSE
6412,40,39.8923333333333,0.107666666666653,FALSE
6413,16,14.8747333333333,1.12526666666667,FALSE
6414,74,74.9057333333333,0.90573333333333,FALSE
6415,65,57.1367666666666,7.86323333333335,FALSE
6418,45,60.4224,15.4224,FALSE
6419,25,27.0201333333333,2.02013333333334,FALSE
6421,46,57.1983666666667,11.1983666666667,FALSE
6423,24,24.3356666666667,0.335666666666675,FALSE
6426,57,57.6301666666667,0.630166666666653,FALSE
6427,62,62.3443,0.344299999999983,FALSE
6435,48,46.7609666666667,1.23903333333334,FALSE
6446,44,45.1658333333333,1.16583333333331,FALSE
6451,75,71.6222666666667,3.37773333333332,FALSE
6454,81,79.9700999999999,1.02990000000005,FALSE
6462,49,47.8198666666667,1.18013333333334,FALSE
6463,47,48.3051666666667,1.30516666666666,FALSE
6471,31,29.5557,1.44429999999999,FALSE
6480,4,4.28136666666667,0.281366666666671,FALSE
6485,24,25.0187,1.01869999999998,FALSE
6495,28,30.0480666666667,2.04806666666668,FALSE
6498,38,40.6921,2.69209999999999,FALSE
6499,22,21.1345666666667,0.865433333333335,FALSE
6502,30,31.8028333333333,1.80283333333334,FALSE
6508,42,45.3100333333334,3.31003333333335,FALSE
6509,37,42.1036666666666,5.10366666666664,FALSE
6516,53,52.9390333333333,0.0609666666666797,FALSE
6517,53,50.2078666666667,2.79213333333335,FALSE
6525,45,35.0842333333333,9.91576666666666,FALSE
6529,45,52.2564666666667,7.2564666666667,FALSE
6533,49,43.5853333333333,5.41466666666667,FALSE
6535,90,98.7800666666666,8.78006666666658,FALSE
6544,41,39.4902,1.50980000000002,FALSE
6549,54,63.4648333333333,9.46483333333335,FALSE
6556,61,67.3696,6.36960000000002,FALSE
6578,41,41.3566666666667,0.356666666666669,FALSE
6584,87,96.9378333333333,9.93783333333334,FALSE
6585,33,31.9377666666667,1.06223333333333,FALSE
6590,43,43.5635333333333,0.563533333333318,FALSE
6592,62,59.2598666666667,2.74013333333334,FALSE
6596,51,49.1425666666667,1.85743333333333,FALSE
6597,25,35.0179333333333,10.0179333333333,FALSE
6600,25,25.887,0.886999999999997,FALSE
6617,45,44.3706333333334,0.629366666666641,FALSE
6725,99,106.3496,7.34959999999997,FALSE
6730,76,76.6631666666667,0.663166666666669,FALSE
6731,117,105.9795,11.0205,FALSE
6739,53,46.7331,6.26690000000002,FALSE
6931,49,48.6012,0.398799999999994,FALSE
6932,54,54.8497,0.849699999999991,FALSE
6955,58,56.9285,1.07149999999999,FALSE
6956,65,62.8649333333333,2.13506666666668,FALSE
6957,380,394.294466666667,14.2944666666666,FALSE
6961,21,23.694,2.69399999999999,FALSE
6973,104,126.488133333333,22.4881333333332,FALSE
6977,53,53.1770333333333,0.177033333333334,FALSE
6984,4,5.2529,1.2529,FALSE
6987,56,59.6216666666667,3.62166666666666,FALSE
6990,63,64.1161333333334,1.11613333333335,FALSE
6991,73,82.2191,9.21910000000001,FALSE
6992,79,78.6339333333333,0.366066666666654,FALSE
6995,72,70.5603333333334,1.43966666666661,FALSE
7001,173,174.779666666667,1.77966666666671,FALSE
7004,230,230.871566666667,0.871566666666553,FALSE
7007,311,312.035933333333,1.03593333333316,FALSE
7013,333,325.3215,7.67850000000004,FALSE
7014,327,321.992866666667,5.00713333333334,FALSE
7016,328,323.5543,4.44569999999999,FALSE
7017,110,105.999666666667,4.00033333333336,FALSE
7018,158,242.569166666667,84.5691666666667,FALSE
7019,455,429.084266666667,25.9157333333332,FALSE
7020,153,148.247933333333,4.75206666666659,FALSE
7022,313,313.839466666667,0.839466666666567,FALSE
7023,305,310.9125,5.91250000000008,FALSE
7025,223,225.434233333333,2.43423333333322,FALSE
7026,239,237.473666666667,1.5263333333333,FALSE
7028,105,106.867533333333,1.86753333333337,FALSE
7041,326,319.898866666667,6.10113333333334,FALSE
7042,308,303.283833333333,4.71616666666665,FALSE
7043,117,112.583566666667,4.4164333333333,FALSE
7045,334,337.698466666667,3.69846666666689,FALSE
7050,311,303.181033333333,7.8189666666666,FALSE
7054,462,495.043666666667,33.0436666666668,FALSE
7055,319,319.146666666667,0.146666666666874,FALSE
7072,385,377.612133333333,7.38786666666681,FALSE
7073,235,248.830666666667,13.8306666666667,FALSE
7076,268,265.464066666667,2.53593333333333,FALSE
7077,313,315.2654,2.26539999999989,FALSE
7091,161,155.301333333334,5.6986666666665,FALSE
7209,109,100.334066666667,8.66593333333341,FALSE
7211,234,237.189133333333,3.18913333333333,FALSE
7213,104,104.7981,0.798100000000019,FALSE
7218,185,201.952833333333,16.9528333333332,FALSE
7220,313,305.275833333333,7.72416666666652,FALSE
7230,368,360.004333333333,7.99566666666686,FALSE
7234,303,308.7057,5.70570000000009,FALSE
7235,301,305.1506,4.15060000000005,FALSE
7239,80,79.3045,0.69550000000001,FALSE
7244,193,196.9871,3.98710000000005,FALSE
7246,73,77.6907,4.69070000000002,FALSE
7252,201,200.8301,0.169900000000126,FALSE
7253,188,194.6814,6.68139999999988,FALSE
7254,250,248.491466666667,1.50853333333333,FALSE
7255,184,186.237033333333,2.23703333333322,FALSE
7256,99,97.0888,1.91119999999997,FALSE
7261,94,93.8766666666666,0.123333333333363,FALSE
7266,147,154.352933333333,7.35293333333331,FALSE
7272,139,143.0995,4.09950000000006,FALSE
7275,163,166.088666666667,3.0886666666666,FALSE
7277,191,198.7257,7.72569999999999,FALSE
7900,101,96.2581333333333,4.74186666666672,FALSE
7901,267,260.8715,6.12849999999997,FALSE
7907,231,236.835166666667,5.83516666666691,FALSE
7915,259,244.329833333333,14.6701666666667,FALSE
7918,426,424.478466666667,1.5215333333332,FALSE
7919,235,240.502933333334,5.50293333333352,FALSE
7923,176,175.1205,0.87949999999995,FALSE
7924,186,197.809533333333,11.8095333333332,FALSE
7927,158,160.575366666667,2.57536666666664,FALSE
7928,216,219.210866666667,3.21086666666673,FALSE
7933,79,80.5228333333333,1.52283333333332,FALSE
7935,134,146.7,12.7000000000001,FALSE
7936,211,211.3863,0.386300000000006,FALSE
7938,122,103.199133333333,18.8008666666667,FALSE
7940,228,218.885233333333,9.1147666666667,FALSE
7944,112,109.667233333333,2.33276666666664,FALSE
7949,278,294.480533333333,16.4805333333332,FALSE
7952,298,299.6457,1.64570000000009,FALSE
7954,405,401.587566666667,3.41243333333318,FALSE
8001,260,338.287566666667,78.2875666666666,FALSE
8010,398,395.686633333333,2.3133666666667,FALSE
8012,417,399.8939,17.1061,FALSE
8014,389,374.108733333333,14.8912666666668,FALSE
8019,387,368.697733333333,18.3022666666665,FALSE
8034,400,394.2152,5.78480000000019,FALSE
8039,369,358.1333,10.8666999999998,FALSE
8045,393,342.9281,50.0718999999998,FALSE
8053,287,326.2276,39.2275999999998,FALSE
8057,375,385.213233333333,10.2132333333331,FALSE
8059,406,394.7776,11.2224,FALSE
8060,314,338.809,24.8090000000001,FALSE
8061,320,337.9005,17.9005000000001,FALSE
8069,367,375.618866666667,8.61886666666675,FALSE
8073,390,382.824866666667,7.17513333333324,FALSE
8082,340,352.2363,12.2363,FALSE
8083,394,381.2617,12.7382999999999,FALSE
8085,372,352.1921,19.8078999999999,FALSE
8086,438,414.5054,23.4946,FALSE
8100,370,366.2273,3.77269999999999,FALSE
8104,360,357.981466666667,2.01853333333349,FALSE
8105,55,52.6910333333333,2.30896666666666,FALSE
8111,88,79.4532666666667,8.54673333333332,FALSE
8114,352,343.556633333333,8.44336666666658,FALSE
8120,379,371.623033333333,7.37696666666665,FALSE
8121,71,66.1532666666667,4.84673333333329,FALSE
8128,370,369.529466666667,0.470533333333151,FALSE
8132,360,366.107133333334,6.10713333333354,FALSE
8133,100,96.3485,3.65149999999997,FALSE
8136,322,318.472633333333,3.52736666666652,FALSE
8137,61,66.5326666666667,5.53266666666667,FALSE
8140,415,407.820333333333,7.17966666666678,FALSE
8155,71,68.4684,2.5316,FALSE
8160,371,370.880633333334,0.119366666666281,FALSE
8161,71,70.3962666666667,0.603733333333324,FALSE
8162,59,59.8861,0.886100000000013,FALSE
8164,65,65.7050666666667,0.705066666666667,FALSE
8169,50,48.8920333333333,1.10796666666667,FALSE
8173,53,52.8328,0.167199999999987,FALSE
8177,374,345.7234,28.2766,FALSE
8181,61,68.9344333333333,7.93443333333335,FALSE
8183,62,65.2183333333333,3.21833333333335,FALSE
8192,396,388.6206,7.37939999999992,FALSE
8200,333,344.989133333333,11.9891333333334,FALSE
8206,396,382.6354,13.3645999999999,FALSE
8212,467,454.298566666667,12.7014333333334,FALSE
8221,366,361.158033333334,4.84196666666645,FALSE
8232,346,361.201433333334,15.2014333333336,FALSE
8237,51,50.4406333333334,0.559366666666648,FALSE
8243,368,367.608333333333,0.391666666666652,FALSE
8247,302,304.6367,2.63670000000019,FALSE
8249,61,65.7192666666667,4.71926666666667,FALSE
8252,61,65.4191666666667,4.41916666666665,FALSE
8263,400,380.170933333333,19.8290666666666,FALSE
8267,393,388.807466666667,4.19253333333307,FALSE
8270,370,383.710966666667,13.710966666667,FALSE
8272,414,401.994066666667,12.0059333333334,FALSE
8273,394,381.8834,12.1165999999999,FALSE
8274,364,375.559666666667,11.5596666666667,FALSE
8277,386,381.2516,4.7484,FALSE
8284,377,382.529533333333,5.5295333333334,FALSE
8286,357,365.354166666667,8.35416666666691,FALSE
8288,399,389.502666666667,9.49733333333324,FALSE
8299,391,373.359433333333,17.6405666666666,FALSE
8309,385,374.931933333333,10.0680666666667,FALSE
8319,346,344.769466666667,1.23053333333343,FALSE
8350,404,378.238333333333,25.7616666666667,FALSE
8362,380,369.3129,10.6870999999999,FALSE
8363,200,325.754,125.754,FALSE
8365,348,347.112933333333,0.887066666666612,FALSE
8370,381,326.648633333334,54.3513666666665,FALSE
8380,354,338.292566666667,15.7074333333333,FALSE
8387,357,361.481066666667,4.48106666666683,FALSE
8388,336,360.734466666667,24.7344666666668,FALSE
8389,349,359.238733333333,10.2387333333334,FALSE
8394,382,367.123,14.8770000000004,FALSE
8395,385,390.731066666667,5.73106666666683,FALSE
8400,408,416.587233333333,8.5872333333333,FALSE
8414,372,370.836633333333,1.16336666666655,FALSE
8417,368,370.055233333333,2.05523333333349,FALSE
8444,346,354.619433333333,8.61943333333323,FALSE
8450,359,369.7747,10.7746999999999,FALSE
8451,371,359.793066666667,11.2069333333333,FALSE
8459,356,343.3622,12.6378,FALSE
8469,379,374.264933333333,4.73506666666668,FALSE
8478,397,382.861733333334,14.1382666666665,FALSE
8481,433,407.263533333333,25.736466666667,FALSE
8483,396,350.964333333334,45.0356666666664,FALSE
8488,362,353.664066666667,8.33593333333312,FALSE
8493,395,382.5502,12.4498000000001,FALSE
8494,431,422.513033333333,8.48696666666689,FALSE
8500,388,339.930433333333,48.0695666666669,FALSE
8501,404,390.7084,13.2916,FALSE
8503,327,339.953833333333,12.9538333333333,FALSE
8506,357,374.419233333333,17.4192333333334,FALSE
8509,381,372.4825,8.51749999999993,FALSE
8510,413,400.047266666666,12.9527333333338,FALSE
8512,44,41.3006666666667,2.69933333333335,FALSE
8520,406,399.380366666667,6.61963333333335,FALSE
8538,369,362.9074,6.09259999999978,FALSE
8543,378,370.4326,7.56739999999996,FALSE
8545,383,378.1061,4.89389999999992,FALSE
8546,409,381.304,27.6960000000004,FALSE
8549,373,373.803066666667,0.803066666666552,FALSE
8550,397,396.8661,0.133899999999983,FALSE
8553,400,385.6031,14.3968999999997,FALSE
8554,422,415.215866666667,6.78413333333305,FALSE
8561,362,360.291566666667,1.70843333333346,FALSE
8565,396,407.568733333333,11.5687333333333,FALSE
8568,374,354.4747,19.5252999999998,FALSE
8569,376,360.959366666667,15.0406333333333,FALSE
8573,355,354.607766666667,0.392233333333479,FALSE
8574,56,55.4653,0.534699999999965,FALSE
8577,56,52.1724,3.82759999999998,FALSE
8581,347,352.950266666667,5.95026666666683,FALSE
8582,365,383.0608,18.0608000000003,FALSE
8587,377,371.918433333333,5.08156666666679,FALSE
8589,361,375.824366666667,14.8243666666667,FALSE
8592,374,384.144533333334,10.1445333333336,FALSE
8593,379,384.0533,5.05330000000015,FALSE
8594,411,398.992333333334,12.0076666666664,FALSE
8595,403,393.7386,9.26139999999992,FALSE
8600,353,348.7609,4.23909999999989,FALSE
8601,375,381.555266666667,6.55526666666668,FALSE
8608,329,347.9013,18.9012999999999,FALSE
8611,347,370.710666666667,23.710666666667,FALSE
8614,371,390.3634,19.3634000000002,FALSE
8616,347,336.988133333333,10.0118666666667,FALSE
8617,348,344.7973,3.20269999999994,FALSE
8618,363,380.346966666667,17.3469666666667,FALSE
8622,388,381.404266666667,6.59573333333327,FALSE
8623,385,379.930266666667,5.06973333333332,FALSE
8624,397,396.794466666667,0.205533333333278,FALSE
8625,401,395.984733333333,5.01526666666666,FALSE
8631,355,362.260133333333,7.26013333333344,FALSE
8635,382,383.871633333333,1.87163333333342,FALSE
8638,370,364.768833333333,5.23116666666658,FALSE
8639,359,361.149233333333,2.1492333333332,FALSE
8641,376,378.049733333333,2.04973333333345,FALSE
9001,32,32.0477,0.047699999999999,FALSE
9003,52,53.3007333333333,1.3007333333333,FALSE
9004,48,52.1818333333333,4.18183333333332,FALSE
9008,67,70.1314666666667,3.13146666666667,FALSE
9011,243,267.268766666666,24.2687666666665,FALSE
9013,83,83.8023666666667,0.802366666666657,FALSE
9015,47,50.458,3.45800000000001,FALSE
9021,48,47.3210666666667,0.67893333333334,FALSE
9025,49,49.8293666666667,0.829366666666658,FALSE
9028,83,85.014,2.01399999999995,FALSE
9031,126,131.993866666667,5.99386666666663,FALSE
9033,85,90.8075333333334,5.80753333333335,FALSE
9034,113,116.735666666667,3.73566666666669,FALSE
9038,167,191.0351,24.0350999999999,FALSE
9041,346,356.657966666667,10.6579666666667,FALSE
9042,43,42.6340333333333,0.365966666666679,FALSE
9046,92,92.5353666666667,0.535366666666718,FALSE
9048,64,62.1335333333333,1.8664666666667,FALSE
9050,57,58.3329,1.33290000000002,FALSE
9054,51,49.3879666666667,1.61203333333334,FALSE
9060,31,28.8890333333333,2.11096666666666,FALSE
9064,36,37.6512666666667,1.65126666666666,FALSE
9068,46,51.1734666666667,5.17346666666668,FALSE
9076,89,88.1774333333333,0.822566666666702,FALSE
9077,76,78.1970333333334,2.19703333333337,FALSE
9082,178,138.958533333333,39.0414666666666,FALSE
9084,56,60.8609666666666,4.86096666666665,FALSE
9086,101,104.647766666667,3.64776666666656,FALSE
9092,88,88.7319,0.731899999999953,FALSE
9093,107,112.8449,5.84490000000004,FALSE
9096,32,34.2298,2.22979999999998,FALSE
9097,46,48.0625,2.06249999999999,FALSE
9098,45,50.4752666666667,5.47526666666667,FALSE
9101,88,88.6063333333333,0.606333333333296,FALSE
9102,30,36.0115333333333,6.01153333333332,FALSE
9103,50,58.8111,8.81109999999999,FALSE
9104,58,62.7486333333333,4.74863333333332,FALSE
9105,73,73.5294,0.529399999999981,FALSE
9112,42,42.9452666666667,0.945266666666654,FALSE
9116,33,32.2997333333333,0.700266666666657,FALSE
9119,36,38.0361,2.0361,FALSE
9120,37,38.4360333333333,1.43603333333333,FALSE
9121,60,59.4406666666667,0.559333333333328,FALSE
9124,46,45.8821,0.117899999999992,FALSE
9125,146,149.503633333333,3.50363333333331,FALSE
9130,60,59.2822666666667,0.717733333333335,FALSE
9132,69,71.2211666666666,2.22116666666665,FALSE
9135,60,61.0689333333333,1.06893333333335,FALSE
9139,68,68.7147000000001,0.71470000000005,FALSE
9144,95,96.8564333333334,1.85643333333336,FALSE
9147,287,324.321133333333,37.3211333333333,FALSE
9153,21,25.3057666666667,4.30576666666667,FALSE
9156,47,69.7548,22.7548,FALSE
9159,30,42.4738666666667,12.4738666666667,FALSE
9165,277,301.705733333333,24.7057333333332,FALSE
9183,28,27.7338666666667,0.266133333333329,FALSE
9190,43,44.4541,1.4541,FALSE
9191,44,44.3885666666666,0.388566666666648,FALSE
9195,145,185.659066666667,40.6590666666668,FALSE
9200,47,48.5230666666667,1.52306666666669,FALSE
9201,49,50.2760333333333,1.27603333333333,FALSE
9203,46,47.9289666666667,1.92896666666667,FALSE
9206,45,42.5071333333333,2.49286666666666,FALSE
9214,159,157.060266666667,1.93973333333335,FALSE
9219,37,38.7107666666667,1.71076666666667,FALSE
9221,43,42.0726333333333,0.92736666666665,FALSE
9223,50,48.8278,1.17219999999998,FALSE
9228,206,237.9187,31.9186999999999,FALSE
9239,42,43.6028,1.6028,FALSE
9240,54,57.6202666666667,3.62026666666667,FALSE
9243,75,80.1219,5.12189999999995,FALSE
9246,239,264.730133333333,25.7301333333332,FALSE
9247,77,78.8535,1.85350000000004,FALSE
9255,47,52.2043666666667,5.20436666666667,FALSE
9256,57,58.4752,1.47519999999999,FALSE
9257,74,73.2810333333333,0.718966666666674,FALSE
9266,50,53.1436,3.1436,FALSE
9271,83,84.5736333333333,1.57363333333333,FALSE
9272,86,86.0951666666666,0.0951666666666284,FALSE
9273,53,52.2363666666667,0.763633333333338,FALSE
9274,179,177.979533333333,1.02046666666661,FALSE
9275,51,51.1484,0.148399999999981,FALSE
9281,41,44.6141,3.61409999999999,FALSE
9286,83,77.5555333333333,5.44446666666667,FALSE
9287,41,41.7556,0.755600000000001,FALSE
9290,113,121.6215,8.62149999999994,FALSE
9291,240,248.2275,8.22749999999994,FALSE
9294,71,72.099,1.09899999999999,FALSE
9295,38,44.1357,6.13569999999997,FALSE
9302,52,51.3603,0.639699999999991,FALSE
9304,91,92.2812666666666,1.28126666666662,FALSE
9311,49,52.8203,3.82029999999997,FALSE
9312,25,27.6301666666667,2.63016666666668,FALSE
9315,66,71.5143666666667,5.51436666666667,FALSE
9318,35,37.667,2.667,FALSE
9319,78,83.6561666666667,5.65616666666668,FALSE
9322,239,270.614666666667,31.6146666666666,FALSE
9328,165,171.000566666667,6.0005666666666,FALSE
9374,74,73.0512333333333,0.948766666666657,FALSE
9379,89,90.8769999999999,1.87699999999994,FALSE
9403,56,56.936,0.936,FALSE
9410,166,168.464666666667,2.46466666666666,FALSE
9421,277,316.3613,39.3612999999999,FALSE
9426,322,327.283733333333,5.28373333333326,FALSE
9428,111,123.064733333333,12.0647333333333,FALSE
9429,45,48.1398333333333,3.13983333333334,FALSE
9430,51,53.9586333333333,2.95863333333333,FALSE
9431,57,57.621,0.620999999999995,FALSE
9432,55,56.2985666666667,1.29856666666665,FALSE
9433,47,49.4087333333334,2.40873333333337,FALSE
9447,236,248.935433333333,12.9354333333334,FALSE
10000,585,565.095566666667,19.9044333333331,FALSE
10009,273,271.896633333333,1.10336666666666,FALSE
10015,165,164.795266666667,0.204733333333365,FALSE
10024,143,140.859533333333,2.14046666666673,FALSE
10025,204,206.195233333333,2.19523333333348,FALSE
10028,194,190.544266666667,3.4557333333334,FALSE
10034,193,199.663666666667,6.6636666666667,FALSE
10040,127,126.215733333333,0.784266666666724,FALSE
10041,200,198.0753,1.92470000000003,FALSE
10042,180,180.094,0.0940000000000225,FALSE
10044,186,184.441833333333,1.55816666666669,FALSE
10051,206,206.767933333333,0.767933333333474,FALSE
10053,234,228.605633333333,5.39436666666685,FALSE
10054,222,218.7958,3.2041999999999,FALSE
10055,230,225.393033333333,4.60696666666664,FALSE
10058,174,174.989433333333,0.989433333333295,FALSE
10063,200,195.0633,4.93670000000012,FALSE
10064,196,198.8364,2.8364,FALSE
10069,173,174.040933333333,1.0409333333333,FALSE
10073,230,233.097733333333,3.09773333333345,FALSE
10074,193,192.055533333333,0.944466666666699,FALSE
10078,194,194.887366666667,0.887366666666708,FALSE
10080,186,189.389166666667,3.38916666666665,FALSE
10088,277,278.947833333333,1.94783333333339,FALSE
10093,201,202.878133333333,1.87813333333332,FALSE
10098,182,210.645833333333,28.6458333333334,FALSE
10103,118,118.400233333333,0.400233333333347,FALSE
10112,85,95.4601333333334,10.4601333333334,FALSE
10113,99,101.043433333333,2.04343333333334,FALSE
10115,199,196.6508,2.34920000000008,FALSE
10116,219,216.101966666667,2.89803333333336,FALSE
10123,458,476.4188,18.4188000000003,FALSE
10130,157,148.506866666667,8.49313333333339,FALSE
10149,122,123.9898,1.98979999999995,FALSE
10150,246,240.956866666667,5.04313333333323,FALSE
10151,243,245.0589,2.05889999999988,FALSE
10158,196,196.5356,0.535600000000017,FALSE
10167,591,613.027966666666,22.0279666666663,FALSE
10170,269,274.016666666667,5.01666666666659,FALSE
10176,195,193.110833333333,1.8891666666668,FALSE
10181,172,171.4863,0.5137,FALSE
10182,162,158.992766666667,3.00723333333329,FALSE
10184,144,148.488566666667,4.48856666666674,FALSE
10188,238,237.459,0.541000000000054,FALSE
10192,224,226.218933333333,2.2189333333335,FALSE
10199,152,150.856966666667,1.14303333333328,FALSE
10204,189,187.625433333333,1.37456666666679,FALSE
10205,273,269.8712,3.12880000000001,FALSE
10208,247,241.6934,5.3066,FALSE
10209,227,223.776866666667,3.22313333333335,FALSE
10210,133,129.3931,3.60689999999997,FALSE
10212,170,171.0567,1.05669999999986,FALSE
10215,163,165.828066666667,2.8280666666667,FALSE
10222,147,143.496166666667,3.50383333333335,FALSE
10223,187,185.287266666667,1.71273333333326,FALSE
10224,166,163.920633333333,2.07936666666669,FALSE
10225,132,129.443166666667,2.55683333333334,FALSE
10803,265,263.678733333333,1.32126666666676,FALSE
10856,145,146.8387,1.83869999999999,FALSE
10860,548,532.619966666667,15.3800333333331,FALSE
10866,95,103.137166666667,8.13716666666664,FALSE
10867,128,129.9526,1.95259999999988,FALSE
10874,145,150.170833333333,5.17083333333335,FALSE
10877,131,133.8276,2.82760000000002,FALSE
10879,117,121.0288,4.02880000000002,FALSE
10880,110,110.674266666667,0.674266666666625,FALSE
10882,116,117.545266666667,1.54526666666671,FALSE
10887,107,109.924266666667,2.9242666666667,FALSE
10890,122,127.104933333333,5.10493333333335,FALSE
10891,130,129.806933333333,0.193066666666653,FALSE
10893,109,111.267966666667,2.26796666666675,FALSE
10894,507,517.886433333333,10.886433333333,FALSE
10901,129,132.1057,3.10570000000004,FALSE
10907,243,245.304333333333,2.30433333333326,FALSE
10909,121,123.8123,2.81229999999996,FALSE
10912,172,185.470266666667,13.4702666666666,FALSE
10919,234,232.115033333333,1.88496666666674,FALSE
10920,155,156.320833333333,1.32083333333338,FALSE
10923,177,177.146466666667,0.14646666666664,FALSE
10925,180,185.442166666667,5.44216666666668,FALSE
10927,136,137.032933333333,1.03293333333335,FALSE
10933,139,142.541066666667,3.54106666666669,FALSE
10937,180,186.152266666667,6.15226666666678,FALSE
10942,508,524.565533333333,16.5655333333332,FALSE
10944,106,105.145533333333,0.854466666666639,FALSE
10949,123,125.913866666667,2.91386666666669,FALSE
10950,142,146.7679,4.76790000000003,FALSE
10954,263,257.861633333333,5.13836666666691,FALSE
10956,158,157.085233333333,0.914766666666736,FALSE
10957,123,121.677566666667,1.32243333333336,FALSE
10958,127,126.1921,0.807900000000018,FALSE
10973,121,126.045833333333,5.04583333333331,FALSE
10974,393,392.570233333333,0.42976666666658,FALSE
10989,157,159.2357,2.23569999999995,FALSE
10991,247,253.9841,6.98410000000001,FALSE
11004,21,22.0637,1.06369999999999,FALSE
11006,78,75.4035666666667,2.59643333333332,FALSE
11011,20,20.7882333333334,0.788233333333352,FALSE
11013,15,16.1320666666667,1.13206666666666,FALSE
11022,30,42.9000666666667,12.9000666666667,FALSE
11031,113,110.817666666667,2.18233333333337,FALSE
11032,123,122.3803,0.619699999999966,FALSE
11033,71,65.6016666666667,5.39833333333331,FALSE
11045,50,58.2715,8.27150000000001,FALSE
11049,162,162.1113,0.111300000000057,FALSE
11054,15,15.8042,0.804199999999998,FALSE
11060,39,32.5142666666666,6.48573333333335,FALSE
11082,30,32.5869,2.5869,FALSE
11084,31,33.2004333333333,2.20043333333333,FALSE
11088,72,68.3322,3.6678,FALSE
11091,35,36.1789,1.1789,FALSE
11095,28,28.1353666666667,0.135366666666656,FALSE
11096,22,23.1463,1.14630000000001,FALSE
11109,25,26.4613666666667,1.46136666666665,FALSE
11113,29,52.4728333333333,23.4728333333333,FALSE
11114,27,28.7915333333333,1.79153333333334,FALSE
11117,12,12.5216,0.521600000000003,FALSE
11119,16,16.2301333333333,0.230133333333335,FALSE
11122,17,19.5987333333333,2.59873333333332,FALSE
11123,22,24.3302666666667,2.33026666666667,FALSE
11125,35,34.9182333333333,0.0817666666666668,FALSE
11136,23,23.3958,0.395799999999991,FALSE
11138,19,20.0251,1.0251,FALSE
11141,42,42.6923,0.692299999999982,FALSE
11144,18,17.9558,0.0442000000000071,FALSE
11148,20,20.8672333333333,0.867233333333331,FALSE
11154,72,75.6811333333333,3.68113333333331,FALSE
11182,131,119.665433333333,11.3345666666666,FALSE
11199,47,42.2463333333333,4.7536666666667,FALSE
11203,32,33.2801666666667,1.28016666666667,FALSE
11204,23,23.4411,0.441099999999988,FALSE
11222,64,68.0544666666667,4.05446666666666,FALSE
11223,60,63.2166666666666,3.2166666666666,FALSE
11224,46,42.9023333333333,3.09766666666668,FALSE
11225,50,46.6061666666667,3.39383333333335,FALSE
11232,37,39.1745666666667,2.17456666666667,FALSE
11234,28,28.2798,0.279799999999987,FALSE
11235,28,29.2064333333333,1.20643333333332,FALSE
11241,27,28.4198333333333,1.41983333333332,FALSE
11254,74,81.7174,7.71740000000004,FALSE
11269,56,61.7284666666667,5.72846666666668,FALSE
11270,26,27.1738,1.1738,FALSE
11272,20,20.5429666666667,0.542966666666672,FALSE
11273,19,19.0551,0.0550999999999959,FALSE
11274,22,22.3324,0.332399999999996,FALSE
11276,14,16.2998333333333,2.29983333333334,FALSE
11277,12,12.4772666666667,0.477266666666667,FALSE
11280,30,31.8770333333333,1.87703333333333,FALSE
11281,29,31.9259,2.9259,FALSE
11285,19,18.1632666666667,0.836733333333342,FALSE
11287,29,29.8557,0.855700000000002,FALSE
11288,28,27.4480666666667,0.551933333333324,FALSE
11289,35,33.7503,1.24969999999998,FALSE
11290,28,27.1064,0.893599999999985,FALSE
11302,42,38.6309,3.36909999999998,FALSE
11303,52,45.5838,6.41620000000002,FALSE
11304,81,73.5376,7.46239999999999,FALSE
11306,58,50.1032,7.89679999999998,FALSE
11313,78,77.3053666666666,0.694633333333357,FALSE
11316,124,138.232133333333,14.2321333333333,FALSE
11317,98,97.9133333333333,0.0866666666667015,FALSE
11323,48,48.2572,0.25719999999999,FALSE
11354,69,64.1252,4.87480000000001,FALSE
11355,70,71.0848,1.08479999999999,FALSE
11356,97,92.9524333333333,4.0475666666667,FALSE
11359,174,167.5125,6.48749999999998,FALSE
11363,93,91.5169999999999,1.48300000000006,FALSE
11364,198,198.258966666667,0.258966666666623,FALSE
11366,78,82.5012333333333,4.50123333333333,FALSE
11367,86,84.5373666666667,1.46263333333333,FALSE
11368,100,97.1486333333333,2.85136666666666,FALSE
11369,132,145.0055,13.0055,FALSE
11370,265,255.012966666667,9.98703333333319,FALSE
11373,132,141.0168,9.01680000000005,FALSE
11374,44,42.236,1.764,FALSE
11380,372,350.129533333333,21.8704666666667,FALSE
11381,108,106.211,1.78899999999996,FALSE
11382,357,348.099433333333,8.90056666666669,FALSE
11383,116,109.756866666667,6.24313333333333,FALSE
11387,93,92.7330333333333,0.266966666666661,FALSE
11390,82,77.2826666666667,4.71733333333329,FALSE
11397,204,229.4234,25.4234,FALSE
11399,190,190.362733333333,0.362733333333267,FALSE
11408,260,253.357933333333,6.64206666666658,FALSE
11409,333,338.9526,5.9525999999999,FALSE
11414,143,143.161333333333,0.161333333333317,FALSE
11416,15,15.1535333333333,0.153533333333337,FALSE
11418,19,21.5062666666667,2.50626666666667,FALSE
11419,21,21.0196666666667,0.0196666666666765,FALSE
11424,34,34.8748333333333,0.874833333333314,FALSE
11427,16,20.3111666666667,4.31116666666667,FALSE
11428,18,18.4370666666667,0.43706666666667,FALSE
11430,18,19.5213333333333,1.52133333333333,FALSE
11431,17,16.9806,0.019400000000001,FALSE
11436,39,38.8735666666667,0.126433333333303,FALSE
11442,26,27.6481,1.64810000000001,FALSE
11453,81,92.6819333333333,11.6819333333333,FALSE
11461,23,25.2433666666667,2.24336666666667,FALSE
11464,34,35.1809,1.18089999999998,FALSE
11468,23,20.3694333333333,2.63056666666667,FALSE
11474,25,25.2474666666667,0.247466666666671,FALSE
11475,18,19.6362333333333,1.63623333333333,FALSE
11478,15,18.1875333333333,3.18753333333333,FALSE
11481,29,30.1921666666667,1.19216666666667,FALSE
11483,56,59.9953,3.99530000000001,FALSE
11487,57,62.6998,5.69980000000003,FALSE
11489,40,41.779,1.779,FALSE
11491,30,31.1739,1.17389999999999,FALSE
11493,27,27.1272666666667,0.127266666666674,FALSE
11495,99,102.204033333333,3.20403333333333,FALSE
11501,93,94.1601333333334,1.16013333333336,FALSE
11506,34,37.1944666666667,3.19446666666668,FALSE
11508,90,91.3905,1.39049999999997,FALSE
11512,91,90.2495333333333,0.750466666666654,FALSE
11514,101,95.1576666666667,5.8423333333333,FALSE
11516,96,92.1189,3.8811,FALSE
11526,44,38.7040666666667,5.29593333333333,FALSE
11531,17,17.5970666666667,0.59706666666666,FALSE
11533,26,26.9194333333333,0.91943333333333,FALSE
11540,17,18.6206666666667,1.62066666666666,FALSE
11547,38,39.7885333333333,1.78853333333333,FALSE
11549,24,25.3525333333333,1.35253333333332,FALSE
11551,35,37.2711333333333,2.27113333333335,FALSE
11570,14,17.9919,3.99189999999999,FALSE
11581,49,46.7680666666666,2.23193333333335,FALSE
11595,49,53.8337333333333,4.83373333333335,FALSE
11596,38,45.5508333333333,7.55083333333332,FALSE
11601,118,120.323433333333,2.32343333333334,FALSE
11605,73,73.5669,0.566900000000018,FALSE
11613,21,23.4022333333333,2.40223333333333,FALSE
11616,22,23.469,1.46899999999999,FALSE
11618,150,158.2467,8.24669999999995,FALSE
11621,36,36.7928666666667,0.792866666666683,FALSE
11623,28,28.3741,0.374099999999984,FALSE
11625,271,264.6222,6.37780000000009,FALSE
11642,20,21.0267666666667,1.02676666666666,FALSE
11649,33,34.0726,1.0726,FALSE
11653,62,69.2427333333333,7.24273333333332,FALSE
11657,83,78.8277,4.17229999999999,FALSE
11660,79,85.3269333333334,6.32693333333336,FALSE
11666,26,49.6501666666667,23.6501666666667,FALSE
11672,268,248.334966666667,19.6650333333334,FALSE
11677,72,80.9172,8.91720000000004,FALSE
11695,16,15.9573333333333,0.0426666666666673,FALSE
11700,21,22.0982333333333,1.09823333333333,FALSE
11702,51,52.8460333333333,1.84603333333332,FALSE
11705,22,22.2838666666667,0.283866666666658,FALSE
11710,32,32.4012333333333,0.401233333333316,FALSE
11711,19,19.6497666666667,0.649766666666657,FALSE
11713,33,41.3283,8.3283,FALSE
11717,103,103.552133333333,0.552133333333344,FALSE
11723,35,35.3727333333333,0.372733333333329,FALSE
11733,26,27.0900666666667,1.09006666666668,FALSE
11742,35,36.2052666666667,1.20526666666667,FALSE
11743,28,28.3254,0.325399999999991,FALSE
11748,8,10.1936333333333,2.19363333333334,FALSE
11750,24,24.2316,0.231600000000007,FALSE
11758,23,23.2404,0.240399999999994,FALSE
11762,17,16.7288666666667,0.271133333333342,FALSE
11763,27,31.8005,4.80049999999999,FALSE
11765,20,25.6306333333333,5.63063333333333,FALSE
11766,22,23.7840666666667,1.78406666666666,FALSE
11767,20,21.8615666666667,1.86156666666667,FALSE
11770,96,95.4181666666667,0.581833333333279,FALSE
11771,61,62.7753666666667,1.77536666666668,FALSE
11774,79,80.8504,1.85040000000001,FALSE
11777,94,94.1874,0.187400000000039,FALSE
11782,33,34.6684,1.6684,FALSE
11783,33,35.7947,2.79469999999997,FALSE
11784,13,14.366,1.366,FALSE
11799,15,15.3192333333333,0.319233333333324,FALSE
11800,19,18.9311,0.0689000000000064,FALSE
11803,22,22.0973333333333,0.0973333333333173,FALSE
11805,42,42.4966,0.496600000000022,FALSE
11808,71,73.0930666666667,2.09306666666669,FALSE
11809,40,32.7663666666667,7.23363333333334,FALSE
11810,50,43.0715333333333,6.92846666666667,FALSE
11811,84,80.2983,3.70170000000003,FALSE
11812,53,48.8606,4.13939999999999,FALSE
11816,38,39.2477333333333,1.24773333333331,FALSE
11821,31,27.2944333333333,3.70556666666667,FALSE
11829,93,91.7695333333333,1.23046666666673,FALSE
11832,78,82.2543,4.25430000000001,FALSE
11834,105,103.6684,1.33159999999999,FALSE
11836,132,144.3593,12.3593,FALSE
11840,218,216.664266666667,1.33573333333334,FALSE
11842,150,147.2369,2.76309999999998,FALSE
11843,132,141.3871,9.38710000000006,FALSE
11845,20,21.1058666666667,1.10586666666666,FALSE
11851,39,39.0882,0.0882000000000289,FALSE
11853,141,141.889666666667,0.889666666666642,FALSE
11854,23,22.5316666666667,0.468333333333327,FALSE
11856,34,35.4623,1.4623,FALSE
11861,15,17.8259333333333,2.82593333333333,FALSE
11865,34,35.4515,1.45150000000001,FALSE
11866,40,42.3150333333333,2.31503333333335,FALSE
11867,39,42.2446333333333,3.24463333333335,FALSE
11869,30,31.3078,1.3078,FALSE
11870,27,27.3935666666667,0.393566666666672,FALSE
11873,20,20.8005666666667,0.800566666666668,FALSE
11876,76,74.9347666666666,1.06523333333338,FALSE
11878,142,139.824366666667,2.17563333333337,FALSE
11879,24,23.0271333333333,0.972866666666675,FALSE
11880,14,14.6075,0.607500000000003,FALSE
11881,44,39.2440333333333,4.75596666666667,FALSE
11893,34,28.6233333333333,5.37666666666667,FALSE
11894,60,65.7264000000001,5.72640000000006,FALSE
11895,11,17.0835333333333,6.08353333333333,FALSE
11897,114,115.329233333333,1.32923333333333,FALSE
11908,79,79.2515333333334,0.251533333333356,FALSE
11910,88,91.4915,3.49150000000003,FALSE
11912,80,82.1320333333334,2.1320333333334,FALSE
11918,16,15.9914,0.00859999999999772,FALSE
11919,16,15.9744666666667,0.0255333333333372,FALSE
11921,133,174.461766666667,41.4617666666667,FALSE
11922,21,33.8557,12.8557,FALSE
11923,81,94.8097,13.8097,FALSE
11924,125,136.7567,11.7567000000001,FALSE
11925,20,21.5928666666667,1.59286666666667,FALSE
11926,101,108.664366666667,7.66436666666667,FALSE
11931,314,317.2485,3.24849999999992,FALSE
11935,97,105.067133333333,8.06713333333327,FALSE
11937,12,17.4251333333333,5.42513333333333,FALSE
11943,23,23.7521666666667,0.752166666666668,FALSE
11945,130,148.784133333333,18.7841333333333,FALSE
11948,122,138.3964,16.3964,FALSE
11949,97,104.1244,7.12439999999994,FALSE
11952,23,21.7867333333333,1.21326666666666,FALSE
11954,32,37.3127333333334,5.31273333333336,FALSE
11957,31,36.3310333333333,5.33103333333334,FALSE
11959,25,26.0511666666667,1.05116666666665,FALSE
11973,88,102.713466666667,14.7134666666666,FALSE
11975,69,75.2546666666667,6.25466666666667,FALSE
11979,29,28.9588333333333,0.0411666666666726,FALSE
11986,23,24.7667333333333,1.76673333333334,FALSE
11989,32,31.2433,0.756700000000002,FALSE
12001,191,195.170933333333,4.17093333333338,FALSE
12003,168,170.8814,2.88140000000001,FALSE
12011,367,343.532566666667,23.4674333333334,FALSE
12013,332,333.547533333333,1.54753333333338,FALSE
12014,559,552.2395,6.76049999999998,FALSE
12021,517,549.5406,32.5405999999997,FALSE
12023,573,581.871233333334,8.87123333333363,FALSE
12024,565,566.963233333334,1.96323333333362,FALSE
12032,382,320.746933333334,61.2530666666665,FALSE
12037,582,582.707666666667,0.70766666666691,FALSE
12040,617,615.9348,1.06519999999978,FALSE
12059,509,514.727933333333,5.72793333333334,FALSE
12062,590,597.3514,7.35140000000035,FALSE
12071,458,470.0275,12.0275000000001,FALSE
12093,224,231.162933333333,7.16293333333314,FALSE
12094,363,269.358533333333,93.6414666666665,FALSE
12095,153,139.7172,13.2828,FALSE
12098,196,176.223933333333,19.7760666666667,FALSE
12110,443,437.965533333333,5.03446666666679,FALSE
12117,230,270.452933333333,40.4529333333332,FALSE
12121,629,633.018,4.0179999999998,FALSE
12127,182,185.1024,3.10239999999999,FALSE
12129,111,103.130166666667,7.86983333333332,FALSE
12145,719,716.350633333334,2.64936666666608,FALSE
12152,567,562.4832,4.51680000000033,FALSE
12167,245,233.238,11.7620000000001,FALSE
12179,501,537.974766666667,36.9747666666668,FALSE
12195,614,612.284933333333,1.71506666666653,FALSE
12199,619,617.226,1.774,FALSE
12202,154,147.5721,6.42789999999999,FALSE
12220,534,557.7811,23.7810999999999,FALSE
12516,574,571.113,2.88699999999972,FALSE
12563,595,591.509733333333,3.49026666666668,FALSE
12565,607,609.3791,2.37910000000045,FALSE
12588,587,581.184966666666,5.81503333333364,FALSE
12635,594,590.991666666667,3.00833333333321,FALSE
12643,710,709.2079,0.792100000000119,FALSE
12644,715,710.8767,4.12330000000009,FALSE
12663,446,413.0521,32.9478999999998,FALSE
13002,278,277.811133333333,0.188866666666797,FALSE
13055,280,278.144666666667,1.85533333333319,FALSE
13065,165,163.919233333333,1.08076666666665,FALSE
13068,149,150.745,1.745,FALSE
13150,295,283.006066666667,11.9939333333332,FALSE
13318,143,138.368933333333,4.63106666666667,FALSE
13320,151,140.5487,10.4513000000001,FALSE
13321,112,110.494833333333,1.50516666666668,FALSE
13325,135,121.129,13.871,FALSE
13328,92,94.6166,2.61659999999999,FALSE
13329,120,117.949933333333,2.05006666666658,FALSE
13333,105,108.078633333333,3.07863333333341,FALSE
13338,319,330.986266666667,11.9862666666666,FALSE
13344,406,393.4536,12.5463999999998,FALSE
13346,198,208.817133333333,10.8171333333333,FALSE
13347,251,238.734266666667,12.2657333333332,FALSE
13348,250,250.652266666667,0.652266666666748,FALSE
13352,228,232.6965,4.6964999999999,FALSE
13354,209,214.794166666667,5.7941666666666,FALSE
13355,147,144.599533333333,2.40046666666666,FALSE
13367,291,287.727133333333,3.27286666666669,FALSE
13369,213,211.3531,1.64689999999993,FALSE
13371,358,352.489866666667,5.51013333333304,FALSE
13372,244,239.263266666667,4.73673333333332,FALSE
13373,297,290.7437,6.25630000000007,FALSE
13375,283,279.265266666667,3.73473333333322,FALSE
13384,216,211.422466666667,4.57753333333332,FALSE
13387,331,330.9497,0.0503000000001634,FALSE
13389,253,251.0979,1.90209999999979,FALSE
13391,249,248.672666666667,0.3273333333332,FALSE
13392,312,307.916466666667,4.08353333333343,FALSE
13396,198,191.971766666667,6.02823333333333,FALSE
13402,199,200.425533333333,1.42553333333331,FALSE
13413,206,203.525533333333,2.47446666666676,FALSE
13419,162,163.185266666667,1.18526666666665,FALSE
13421,188,186.468866666667,1.53113333333343,FALSE
13423,181,181.619266666667,0.619266666666675,FALSE
13424,174,174.0895,0.0894999999999868,FALSE
13426,149,160.6594,11.6594000000001,FALSE
13428,209,202.544166666667,6.45583333333343,FALSE
13430,216,206.630866666666,9.36913333333354,FALSE
13439,218,215.6865,2.31349999999995,FALSE
13440,231,225.710933333333,5.28906666666683,FALSE
13450,172,171.7929,0.207099999999997,FALSE
13456,177,175.842,1.15799999999984,FALSE
13460,283,279.8823,3.11770000000001,FALSE
13480,189,187.275966666667,1.72403333333321,FALSE
13495,241,240.787233333333,0.212766666666681,FALSE
13523,133,136.012666666667,3.01266666666663,FALSE
13598,210,215.1559,5.15590000000006,FALSE
13647,123,126.629366666667,3.62936666666663,FALSE
13649,121,125.835133333333,4.83513333333332,FALSE
13650,220,225.967166666666,5.9671666666664,FALSE
13791,173,176.3607,3.36069999999995,FALSE
13798,301,299.422266666667,1.57773333333336,FALSE
13803,251,240.5233,10.4767,FALSE
13805,277,276.362033333333,0.637966666666898,FALSE
13808,349,344.454433333333,4.54556666666662,FALSE
13810,302,294.436866666667,7.56313333333338,FALSE
13811,249,245.6749,3.32509999999991,FALSE
13813,239,238.418933333333,0.581066666666686,FALSE
13815,248,245.2926,2.70740000000021,FALSE
13816,341,340.4304,0.56959999999998,FALSE
13818,359,348.5579,10.4420999999999,FALSE
13822,190,199.173633333333,9.17363333333344,FALSE
13823,172,180.293833333333,8.29383333333348,FALSE
13827,322,320.189666666667,1.81033333333335,FALSE
13831,315,320.979,5.97899999999998,FALSE
13834,386,388.5085,2.50850000000003,FALSE
13839,338,339.8594,1.85940000000005,FALSE
13840,355,352.487166666667,2.51283333333316,FALSE
13844,295,299.1141,4.11410000000001,FALSE
13846,333,335.024066666667,2.02406666666661,FALSE
13848,404,397.094933333333,6.9050666666667,FALSE
13850,254,247.593766666667,6.40623333333329,FALSE
13855,359,357.962766666667,1.03723333333346,FALSE
13857,278,277.825633333333,0.174366666666572,FALSE
13858,323,328.435133333333,5.43513333333311,FALSE
13862,194,199.867,5.86699999999993,FALSE
13866,184,181.9434,2.05659999999992,FALSE
13870,218,217.021833333333,0.978166666666766,FALSE
13872,254,245.883,8.11700000000005,FALSE
13881,159,155.252166666667,3.74783333333329,FALSE
13885,199,194.588366666667,4.41163333333333,FALSE
13888,210,209.135966666667,0.864033333333225,FALSE
13890,228,213.821633333333,14.1783666666668,FALSE
13897,266,258.210866666667,7.78913333333327,FALSE
13901,173,169.2086,3.79139999999998,FALSE
13908,286,282.050866666667,3.94913333333341,FALSE
13909,228,223.5145,4.48550000000003,FALSE
13910,264,261.688133333333,2.31186666666679,FALSE
13918,267,263.823033333333,3.17696666666683,FALSE
13919,324,328.6831,4.68309999999997,FALSE
13922,331,332.366333333333,1.36633333333327,FALSE
13924,262,260.161366666667,1.83863333333341,FALSE
13929,201,197.6471,3.35290000000001,FALSE
13932,257,256.8031,0.196899999999914,FALSE
13949,183,181.396433333334,1.60356666666641,FALSE
13951,234,231.193066666666,2.80693333333352,FALSE
13955,221,219.233333333333,1.76666666666665,FALSE
13956,174,171.277366666667,2.72263333333325,FALSE
13958,157,157.3095,0.309500000000071,FALSE
13961,161,158.622766666667,2.37723333333338,FALSE
13967,184,184.296266666667,0.296266666666668,FALSE
14009,125,103.786533333333,21.2134666666666,FALSE
14015,237,182.891733333333,54.1082666666667,FALSE
14034,371,199.261266666667,171.738733333333,FALSE
14049,263,119.4726,143.5274,FALSE
14096,85,85.6384333333334,0.638433333333353,FALSE
14103,85,76.2056666666667,8.79433333333331,FALSE
14108,86,75.8699666666667,10.1300333333333,FALSE
14109,74,75.8349,1.83490000000005,FALSE
14113,83,57.7389666666667,25.2610333333333,FALSE
14114,37,36.1907333333333,0.809266666666687,FALSE
14116,80,103.468233333333,23.4682333333333,FALSE
14117,82,61.7723333333334,20.2276666666666,FALSE
14119,29,35.8537,6.85370000000002,FALSE
14125,108,54.4290333333333,53.5709666666667,FALSE
14132,80,73.2898,6.7102,FALSE
14137,36,37.9415,1.94149999999999,FALSE
14140,82,65.8477666666667,16.1522333333333,FALSE
14143,0,3.14203333333334,3.14203333333334,FALSE
14146,1,1.41996666666667,0.419966666666671,FALSE
14148,41,41.1862333333333,0.186233333333327,FALSE
14153,41,43.9039333333333,2.90393333333333,FALSE
14154,45,43.4350666666667,1.56493333333333,FALSE
14156,5,5.09583333333334,0.0958333333333394,FALSE
14160,84,65.5551666666667,18.4448333333333,FALSE
14169,75,73.5442333333333,1.4557666666667,FALSE
14175,405,370.797966666667,34.2020333333332,FALSE
14182,90,90.4689333333334,0.46893333333341,FALSE
14187,48,47.073,0.927000000000007,FALSE
14192,398,375.421233333333,22.5787666666667,FALSE
14202,0,7.10933333333333,7.10933333333333,FALSE
14203,350,277.953933333333,72.0460666666665,FALSE
14204,257,296.241066666667,39.2410666666667,FALSE
14209,1,2.899,1.899,FALSE
14214,241,219.806966666667,21.1930333333334,FALSE
14236,360,345.9437,14.0563000000001,FALSE
14237,6,8.95796666666667,2.95796666666667,FALSE
14240,64,73.0674,9.06740000000002,FALSE
14262,162,164.6517,2.65169999999986,FALSE
14264,48,51.7987,3.79869999999997,FALSE
14282,57,77.6458000000001,20.6458000000001,FALSE
14287,378,381.2,3.20000000000005,FALSE
14290,3,9.65123333333333,6.65123333333333,FALSE
14297,27,41.1918,14.1918,FALSE
14309,372,353.646566666667,18.3534333333332,FALSE
14316,87,86.8752666666666,0.12473333333341,FALSE
14334,47,46.5676333333333,0.432366666666674,FALSE
14347,148,139.676,8.32399999999996,FALSE
14351,88,88.0506333333334,0.0506333333333515,FALSE
14355,1,51.0715333333333,50.0715333333333,FALSE
14366,315,312.249666666667,2.75033333333329,FALSE
14370,401,385.220066666667,15.7799333333334,FALSE
14375,338,334.0213,3.97869999999978,FALSE
14376,2,2.16633333333334,0.166333333333336,FALSE
14409,217,305.130633333334,88.1306333333335,FALSE
14412,0,1.00123333333334,1.00123333333334,FALSE
14432,0,14.0115666666667,14.0115666666667,FALSE
14450,388,375.3063,12.6937000000001,FALSE
14460,26,28.2027333333333,2.20273333333333,FALSE
14461,32,34.3029333333333,2.30293333333332,FALSE
14532,275,150.7362,124.2638,FALSE
14533,295,204.240033333334,90.7599666666665,FALSE
14545,1,24.1904666666667,23.1904666666667,FALSE
14551,263,210.9896,52.0103999999998,FALSE
14555,0,8.6045,8.6045,FALSE
14558,89,87.0714666666667,1.92853333333333,FALSE
14559,0,11.0015666666667,11.0015666666667,FALSE
14611,29,30.6082,1.60820000000001,FALSE
14617,29,30.2935666666667,1.29356666666668,FALSE
14622,49,48.9491666666666,0.050833333333351,FALSE
14627,42,45.1042333333334,3.10423333333335,FALSE
14628,2,63.6110666666666,61.6110666666666,FALSE
14633,4,6.60786666666667,2.60786666666667,FALSE
14652,200,282.8577,82.8577,FALSE
15013,98,95.9646333333333,2.0353666666667,FALSE
15018,290,308.602166666667,18.6021666666667,FALSE
15022,87,88.5904666666666,1.59046666666661,FALSE
15024,119,122.380833333333,3.38083333333336,FALSE
15030,84,78.0548,5.9452,FALSE
15040,203,198.181466666667,4.81853333333339,FALSE
15044,87,88.9791,1.97909999999997,FALSE
15045,85,85.1402666666666,0.140266666666619,FALSE
15048,156,154.8894,1.11060000000001,FALSE
15051,139,142.921566666667,3.92156666666673,FALSE
15056,150,149.201866666667,0.79813333333334,FALSE
15058,96,92.021,3.97899999999998,FALSE
15062,88,89.6340333333333,1.63403333333333,FALSE
15063,113,112.406466666667,0.593533333333312,FALSE
15064,93,91.8292,1.17080000000001,FALSE
15069,211,223.328666666667,12.3286666666666,FALSE
15071,109,110.1214,1.12139999999997,FALSE
15072,143,157.4776,14.4776000000001,FALSE
15077,117,123.4046,6.40460000000009,FALSE
15088,208,209.883566666667,1.88356666666667,FALSE
15092,124,120.9895,3.01049999999996,FALSE
15093,104,103.8647,0.135300000000015,FALSE
15098,126,122.6443,3.35570000000001,FALSE
15101,100,102.667233333333,2.6672333333333,FALSE
15102,128,124.876166666667,3.12383333333335,FALSE
15109,99,84.7112333333333,14.2887666666667,FALSE
15110,144,143.478366666667,0.521633333333284,FALSE
15128,187,183.2387,3.76129999999989,FALSE
15129,95,100.8456,5.84559999999998,FALSE
15131,108,112.4215,4.42149999999999,FALSE
15133,116,114.031066666667,1.96893333333333,FALSE
15143,86,85.5079333333333,0.492066666666702,FALSE
15144,90,89.4509333333333,0.549066666666704,FALSE
15145,77,80.9240333333333,3.92403333333334,FALSE
15146,82,85.1785,3.17849999999999,FALSE
15147,77,79.4697,2.46970000000002,FALSE
15149,71,75.9388666666667,4.93886666666671,FALSE
15150,242,220.010833333333,21.9891666666666,FALSE
15152,100,100.777166666667,0.777166666666687,FALSE
15160,142,129.1542,12.8457999999999,FALSE
15165,172,146.4462,25.5538,FALSE
15170,68,79.3196,11.3196,FALSE
15172,69,68.8348333333334,0.165166666666622,FALSE
15176,175,169.164533333333,5.8354666666666,FALSE
15179,117,122.4221,5.42210000000004,FALSE
15185,186,185.800066666667,0.199933333333377,FALSE
15188,124,124.4075,0.407499999999999,FALSE
15189,159,157.881866666667,1.11813333333339,FALSE
15193,112,113.193733333333,1.19373333333333,FALSE
15202,190,187.850966666667,2.14903333333325,FALSE
15205,118,114.008866666667,3.99113333333331,FALSE
15208,250,251.743266666667,1.74326666666661,FALSE
15211,154,150.9967,3.00330000000002,FALSE
15213,135,130.329466666667,4.6705333333334,FALSE
15214,133,133.088333333333,0.0883333333333383,FALSE
15217,119,119.341166666667,0.341166666666709,FALSE
15220,132,139.132333333333,7.13233333333343,FALSE
15222,122,119.6208,2.37920000000005,FALSE
15225,187,183.9195,3.08049999999997,FALSE
15228,143,131.926166666667,11.0738333333333,FALSE
15229,158,143.772933333333,14.2270666666666,FALSE
15238,160,157.127666666667,2.8723333333333,FALSE
15239,178,178.369,0.368999999999971,FALSE
15244,79,84.2477666666667,5.24776666666671,FALSE
15252,189,164.566666666667,24.4333333333334,FALSE
15253,153,150.797933333333,2.20206666666661,FALSE
16004,260,254.527266666666,5.47273333333351,FALSE
16008,142,144.303433333333,2.3034333333334,FALSE
16010,112,113.6625,1.66250000000001,FALSE
16011,94,100.6368,6.63680000000002,FALSE
16014,341,340.8804,0.119600000000105,FALSE
16019,335,341.777133333333,6.77713333333321,FALSE
16023,129,129.589533333333,0.58953333333335,FALSE
16034,81,81.4626,0.462600000000009,FALSE
16040,343,339.351366666667,3.64863333333329,FALSE
16045,336,339.060033333333,3.06003333333348,FALSE
16048,144,141.266933333333,2.73306666666673,FALSE
16049,333,329.090033333333,3.90996666666672,FALSE
16052,341,326.6754,14.3246000000001,FALSE
16053,110,108.359466666667,1.64053333333335,FALSE
16054,71,71.8276,0.827600000000004,FALSE
16055,222,340.9549,118.9549,FALSE
16056,364,350.731233333333,13.2687666666668,FALSE
16059,112,126.496366666667,14.4963666666666,FALSE
16062,336,343.4487,7.44869999999997,FALSE
16067,344,342.982366666667,1.01763333333344,FALSE
16070,116,110.028733333333,5.97126666666665,FALSE
16073,79,79.0613,0.0612999999999744,FALSE
16076,371,284.980333333334,86.0196666666665,FALSE
16078,343,336.322466666667,6.67753333333343,FALSE
16082,351,316.026366666667,34.9736333333334,FALSE
16085,341,343.926133333333,2.92613333333321,FALSE
16092,579,575.437066666667,3.56293333333326,FALSE
16095,563,574.1334,11.1333999999999,FALSE
16098,588,588.981833333333,0.981833333333157,FALSE
16102,121,125.4865,4.48650000000005,FALSE
16103,91,86.0394333333333,4.96056666666667,FALSE
16104,310,328.917666666667,18.9176666666667,FALSE
16110,471,464.3089,6.69109999999978,FALSE
16119,339,328.439933333333,10.5600666666667,FALSE
16120,54,46.2800333333333,7.71996666666671,FALSE
16122,338,334.3427,3.65729999999979,FALSE
16123,53,59.4467666666667,6.44676666666667,FALSE
16126,70,83.8113,13.8113,FALSE
16127,61,75.2001333333334,14.2001333333334,FALSE
16128,480,439.134066666667,40.8659333333334,FALSE
16132,116,125.849633333333,9.84963333333337,FALSE
16135,409,359.261266666667,49.7387333333334,FALSE
16137,177,181.5159,4.51589999999999,FALSE
16145,124,121.873966666667,2.12603333333333,FALSE
16150,520,451.9087,68.0912999999998,FALSE
16161,55,61.1785333333334,6.17853333333336,FALSE
16166,63,61.4164333333333,1.58356666666666,FALSE
16172,79,81.495,2.49500000000005,FALSE
16174,196,203.315166666667,7.31516666666673,FALSE
16213,84,85.2113,1.21129999999998,FALSE
16214,47,57.5296,10.5296,FALSE
16222,33,34.7649,1.76490000000001,FALSE
16227,47,43.7221333333333,3.27786666666668,FALSE
16238,29,29.7060666666667,0.706066666666668,FALSE
16243,41,44.0802,3.08019999999999,FALSE
16244,33,34.4048,1.40480000000001,FALSE
16256,88,88.4834666666667,0.483466666666658,FALSE
16257,88,88.4471333333334,0.447133333333383,FALSE
16275,115,126.0382,11.0382,FALSE
16278,43,48.9881,5.9881,FALSE
16279,59,67.0035333333333,8.00353333333334,FALSE
16302,128,128.735566666667,0.735566666666671,FALSE
16333,127,126.5343,0.465699999999984,FALSE
16350,139,136.6404,2.35959999999997,FALSE
16357,164,155.0429,8.95709999999994,FALSE
16359,138,137.057233333333,0.942766666666728,FALSE
16361,117,116.259533333333,0.740466666666606,FALSE
16370,114,104.248666666667,9.75133333333328,FALSE
16375,126,126.301566666667,0.301566666666702,FALSE
16377,116,117.797033333333,1.7970333333333,FALSE
16381,105,105.058466666667,0.0584666666666891,FALSE
16384,105,99.8487333333333,5.15126666666666,FALSE
16389,581,577.4047,3.59529999999995,FALSE
16394,589,587.262966666667,1.73703333333322,FALSE
16396,578,575.982,2.01799999999992,FALSE
16422,326,339.750266666667,13.750266666667,FALSE
16423,321,341.273266666667,20.2732666666669,FALSE
16427,76,95.8910333333333,19.8910333333333,FALSE
16428,472,447.591733333333,24.4082666666667,FALSE
16429,271,267.0108,3.98920000000004,FALSE
16500,221,214.8212,6.17880000000008,FALSE
16504,145,127.104233333333,17.8957666666666,FALSE
16506,114,114.959766666667,0.959766666666624,FALSE
16511,103,90.5511666666666,12.4488333333334,FALSE
16521,109,94.7750666666666,14.2249333333334,FALSE
16522,113,122.401266666667,9.4012666666667,FALSE
16524,155,156.1072,1.10720000000003,FALSE
16526,154,154.108466666667,0.108466666666743,FALSE
16534,211,196.2357,14.7643,FALSE
16551,155,147.6679,7.3321,FALSE
16556,221,210.379766666667,10.6202333333333,FALSE
16558,236,215.4131,20.5869,FALSE
16559,233,209.0881,23.9118999999999,FALSE
16560,208,204.858166666667,3.14183333333338,FALSE
16563,164,151.153033333333,12.8469666666667,FALSE
16582,162,186.596166666667,24.5961666666667,FALSE
16585,137,136.0434,0.956599999999952,FALSE
16592,142,174.483333333333,32.4833333333333,FALSE
16596,219,195.7398,23.2602000000001,FALSE
17009,120,120.382066666667,0.382066666666645,FALSE
17011,230,228.338866666667,1.66113333333328,FALSE
17012,258,255.549033333333,2.45096666666683,FALSE
17016,225,221.549733333333,3.45026666666664,FALSE
17018,180,177.3874,2.61259999999999,FALSE
17020,292,293.218733333333,1.21873333333343,FALSE
17023,310,307.503966666667,2.4960333333334,FALSE
17024,316,309.2443,6.75569999999993,FALSE
17025,309,307.9099,1.09010000000012,FALSE
17026,143,141.9363,1.06370000000001,FALSE
17027,216,212.524233333333,3.47576666666674,FALSE
17029,372,372.856133333333,0.856133333333275,FALSE
17033,235,227.590466666667,7.40953333333348,FALSE
17034,232,231.761033333333,0.23896666666667,FALSE
17038,276,278.347166666667,2.34716666666662,FALSE
17040,283,269.775766666667,13.2242333333333,FALSE
17046,279,278.768,0.232000000000085,FALSE
17050,192,197.323766666667,5.32376666666678,FALSE
17052,345,342.682266666667,2.31773333333348,FALSE
17059,134,134.143266666667,0.143266666666705,FALSE
17060,223,220.073233333333,2.92676666666662,FALSE
17062,277,278.9589,1.95890000000009,FALSE
17063,305,304.9548,0.0451999999997952,FALSE
17067,586,569.236666666666,16.7633333333335,FALSE
17068,223,225.009833333333,2.0098333333334,FALSE
17069,258,257.530533333333,0.469466666666619,FALSE
17071,186,186.455333333333,0.455333333333272,FALSE
17072,216,215.438833333333,0.561166666666537,FALSE
17083,196,194.695333333333,1.30466666666678,FALSE
17087,285,274.5443,10.4556999999999,FALSE
17097,211,205.319066666667,5.68093333333331,FALSE
17098,160,164.0622,4.06219999999993,FALSE
17105,284,275.901366666667,8.09863333333334,FALSE
17106,217,219.891,2.89099999999993,FALSE
17110,162,163.028066666667,1.02806666666672,FALSE
17113,120,118.517333333333,1.4826666666667,FALSE
17116,130,131.84,1.84000000000003,FALSE
17121,170,172.5464,2.54640000000018,FALSE
17123,236,229.686633333333,6.31336666666675,FALSE
17124,183,184.687633333333,1.68763333333334,FALSE
17125,105,99.1060666666667,5.89393333333334,FALSE
17127,164,164.809933333333,0.809933333333419,FALSE
17129,225,222.722566666667,2.27743333333322,FALSE
17133,171,174.714066666667,3.71406666666678,FALSE
17135,252,253.366766666667,1.36676666666662,FALSE
17136,202,202.586466666667,0.586466666666553,FALSE
17139,168,171.152666666667,3.15266666666679,FALSE
17140,109,108.988933333333,0.0110666666666503,FALSE
17141,188,183.323266666667,4.67673333333337,FALSE
17142,144,144.403366666667,0.403366666666727,FALSE
17144,114,112.2406,1.75939999999997,FALSE
17146,161,158.5012,2.49879999999996,FALSE
17148,179,187.010933333333,8.01093333333344,FALSE
17149,146,149.2952,3.29519999999994,FALSE
17151,212,205.1978,6.80220000000003,FALSE
17152,143,142.6119,0.388099999999923,FALSE
17153,188,185.341,2.65900000000002,FALSE
17161,131,139.543066666667,8.54306666666665,FALSE
17165,158,152.7463,5.25370000000001,FALSE
17171,175,174.352866666667,0.647133333333301,FALSE
17172,102,104.085033333333,2.08503333333337,FALSE
17177,136,138.433666666667,2.43366666666665,FALSE
17181,173,166.194033333333,6.80596666666665,FALSE
17182,255,249.1347,5.86529999999996,FALSE
17184,173,173.2611,0.261099999999999,FALSE
17187,273,277.693733333333,4.6937333333334,FALSE
17195,97,100.588866666667,3.5888666666667,FALSE
17202,140,135.267166666667,4.73283333333333,FALSE
17203,192,183.167466666667,8.83253333333329,FALSE
17209,276,279.356666666667,3.35666666666663,FALSE
17212,182,194.511533333333,12.5115333333333,FALSE
17216,98,94.8910333333333,3.10896666666666,FALSE
17218,101,103.383766666667,2.38376666666667,FALSE
17219,125,125.9376,0.937600000000046,FALSE
17227,271,271.054566666667,0.0545666666666307,FALSE
17228,201,199.362066666667,1.63793333333328,FALSE
17230,209,208.600566666667,0.399433333333377,FALSE
17233,217,216.6981,0.301899999999875,FALSE
17234,261,261.771466666667,0.771466666666811,FALSE
17238,290,290.096466666667,0.096466666666629,FALSE
17239,342,346.748333333333,4.74833333333311,FALSE
17240,340,343.741533333334,3.74153333333356,FALSE
17245,269,272.616333333333,3.61633333333344,FALSE
17246,244,243.948133333333,0.0518666666667968,FALSE
17247,337,325.440266666667,11.5597333333335,FALSE
17251,339,333.334133333333,5.66586666666694,FALSE
17254,232,231.596466666667,0.403533333333371,FALSE
17258,201,200.4344,0.565600000000018,FALSE
17259,234,232.955066666667,1.04493333333335,FALSE
17261,296,300.220866666667,4.22086666666678,FALSE
17264,251,250.505033333333,0.494966666666755,FALSE
17265,342,341.2831,0.71690000000018,FALSE
17271,208,211.501533333333,3.5015333333333,FALSE
17275,218,216.6907,1.30930000000009,FALSE
17279,177,174.793166666667,2.20683333333326,FALSE
17281,256,255.5044,0.495600000000024,FALSE
17283,201,201.380966666667,0.380966666666637,FALSE
17288,123,122.021133333333,0.978866666666775,FALSE
17289,165,166.1538,1.15379999999993,FALSE
17290,215,215.385966666667,0.385966666666803,FALSE
17291,244,238.651033333333,5.34896666666683,FALSE
17294,201,202.061,1.06099999999998,FALSE
17296,133,133.725933333333,0.725933333333359,FALSE
17307,215,215.4724,0.472399999999908,FALSE
17309,183,188.063033333333,5.06303333333332,FALSE
17310,203,200.477333333333,2.52266666666677,FALSE
17312,146,142.950166666667,3.04983333333337,FALSE
17313,192,190.747066666667,1.25293333333326,FALSE
17314,289,297.838766666667,8.83876666666663,FALSE
17317,210,211.410166666666,1.4101666666665,FALSE
17320,155,153.304766666667,1.69523333333328,FALSE
17321,233,235.0444,2.04439999999994,FALSE
17322,243,242.078266666667,0.921733333333378,FALSE
17324,137,139.872933333333,2.87293333333332,FALSE
17325,238,227.158633333333,10.8413666666668,FALSE
17326,262,266.045133333333,4.04513333333324,FALSE
17328,164,164.297766666667,0.297766666666604,FALSE
17331,238,236.5387,1.46130000000008,FALSE
17332,171,170.9991,0.000900000000029877,FALSE
17333,193,197.8186,4.81860000000003,FALSE
17334,119,119.806266666667,0.806266666666687,FALSE
17340,167,165.8072,1.19279999999992,FALSE
17341,156,150.2286,5.7714,FALSE
17345,150,149.604966666667,0.395033333333402,FALSE
17346,191,190.7743,0.225699999999961,FALSE
17347,149,150.127733333333,1.12773333333331,FALSE
17348,152,149.0848,2.91519999999997,FALSE
18002,288,291.316266666667,3.31626666666671,FALSE
18006,294,307.788166666666,13.7881666666665,FALSE
18010,428,441.760466666666,13.760466666666,FALSE
18011,335,328.2778,6.72219999999993,FALSE
18012,257,274.127533333333,17.1275333333333,FALSE
18015,352,342.1236,9.87639999999993,FALSE
18017,263,275.768033333333,12.7680333333334,FALSE
18019,326,322.103633333333,3.89636666666661,FALSE
18025,260,275.3364,15.3364,FALSE
18032,290,288.6933,1.30670000000009,FALSE
18033,271,276.622333333333,5.62233333333336,FALSE
18035,265,241.855266666667,23.1447333333333,FALSE
18044,250,258.4672,8.4672000000001,FALSE
18047,274,281.203966666667,7.20396666666653,FALSE
18048,297,309.193966666666,12.1939666666665,FALSE
18055,217,230.422533333333,13.4225333333333,FALSE
18057,207,221.339466666667,14.3394666666666,FALSE
18060,258,266.5468,8.54680000000013,FALSE
18066,248,262.965866666667,14.9658666666668,FALSE
18068,261,265.073166666667,4.07316666666668,FALSE
18069,265,260.827333333333,4.1726666666666,FALSE
18076,306,299.162033333333,6.83796666666655,FALSE
18081,386,365.524166666667,20.4758333333334,FALSE
18085,179,183.047266666667,4.04726666666662,FALSE
18087,373,361.5712,11.4288,FALSE
18114,437,420.753033333333,16.2469666666667,FALSE
18137,426,421.599066666667,4.40093333333323,FALSE
18152,434,424.433666666667,9.56633333333315,FALSE
18166,469,462.587633333333,6.41236666666674,FALSE
18170,348,370.616066666667,22.6160666666665,FALSE
18175,365,363.693533333333,1.30646666666672,FALSE
18188,503,499.8789,3.12110000000007,FALSE
18190,478,475.401133333333,2.59886666666682,FALSE
18198,450,438.993633333333,11.0063666666668,FALSE
18200,449,457.498633333333,8.4986333333332,FALSE
18201,535,511.185266666667,23.8147333333331,FALSE
18210,483,460.9378,22.0622,FALSE
18211,558,550.7376,7.26240000000041,FALSE
18215,496,490.9082,5.09179999999998,FALSE
18217,395,377.681733333334,17.3182666666665,FALSE
18220,390,368.066466666667,21.9335333333333,FALSE
18221,389,367.282866666666,21.7171333333336,FALSE
18225,481,474.128566666666,6.8714333333337,FALSE
18233,497,491.931833333333,5.06816666666663,FALSE
18234,495,494.176933333333,0.823066666666705,FALSE
18235,427,427.398966666667,0.398966666666922,FALSE
18249,452,461.104633333333,9.10463333333337,FALSE
18253,412,428.613,16.6129999999998,FALSE
18254,361,391.505533333333,30.5055333333332,FALSE
18258,227,223.427133333333,3.57286666666661,FALSE
18259,270,271.150166666667,1.15016666666673,FALSE
18260,235,235.487433333333,0.487433333333428,FALSE
18261,255,262.714233333334,7.71423333333354,FALSE
18264,223,233.165066666667,10.1650666666668,FALSE
18290,194,190.279166666667,3.72083333333322,FALSE
18293,227,218.753966666667,8.24603333333337,FALSE
18297,349,334.674533333333,14.3254666666667,FALSE
18330,494,492.340566666667,1.65943333333348,FALSE
18342,310,300.466033333333,9.53396666666669,FALSE
18355,360,355.944066666667,4.0559333333332,FALSE
18358,362,341.744733333333,20.2552666666667,FALSE
18361,412,419.468933333333,7.46893333333333,FALSE
18367,291,264.405833333333,26.5941666666666,FALSE
18369,53,121.547433333333,68.5474333333334,FALSE
18372,0,74.6507333333333,74.6507333333333,FALSE
18375,325,320.758366666667,4.24163333333314,FALSE
18376,383,371.848766666667,11.1512333333333,FALSE
18383,270,275.033066666667,5.03306666666668,FALSE
18390,227,217.5493,9.45069999999996,FALSE
18396,316,310.365233333333,5.63476666666674,FALSE
18400,391,375.663166666667,15.3368333333334,FALSE
18408,275,273.294333333333,1.70566666666667,FALSE
18414,274,280.607333333333,6.60733333333326,FALSE
18417,418,423.9021,5.90209999999985,FALSE
18420,432,426.589,5.41099999999989,FALSE
18425,421,378.651466666667,42.3485333333333,FALSE
18428,473,463.6987,9.3012999999998,FALSE
18429,443,440.102266666667,2.89773333333341,FALSE
18431,371,367.550866666667,3.44913333333318,FALSE
18452,305,327.0593,22.0593,FALSE
18483,391,396.536666666667,5.53666666666692,FALSE
18486,395,395.026866666667,0.0268666666666491,FALSE
18490,388,389.323766666667,1.32376666666664,FALSE
18495,366,372.838333333333,6.83833333333342,FALSE
18497,367,380.447666666667,13.4476666666666,FALSE
18500,272,275.144566666667,3.14456666666655,FALSE
18509,410,423.110566666666,13.1105666666664,FALSE
18510,407,421.1158,14.1158,FALSE
18512,198,195.489266666667,2.51073333333332,FALSE
18524,460,463.852733333333,3.85273333333333,FALSE
18532,420,417.7789,2.22109999999981,FALSE
18535,403,409.106,6.10599999999994,FALSE
18544,400,402.073166666667,2.07316666666679,FALSE
18562,424,419.448666666667,4.55133333333333,FALSE
18610,418,414.511366666667,3.48863333333327,FALSE
18614,407,393.693033333333,13.3069666666666,FALSE
18621,492,487.788533333333,4.21146666666698,FALSE
18630,482,491.304166666667,9.3041666666669,FALSE
18632,441,424.1375,16.8624999999997,FALSE
18633,317,307.680433333333,9.31956666666667,FALSE
18634,307,299.615333333333,7.3846666666667,FALSE
18635,330,332.577566666666,2.57756666666648,FALSE
18932,273,280.214166666667,7.21416666666659,FALSE
18943,484,478.0167,5.98329999999999,FALSE
18946,506,505.1713,0.82870000000031,FALSE
18953,374,377.429333333333,3.42933333333309,FALSE
18957,418,407.160466666667,10.8395333333333,FALSE
18958,445,437.4367,7.56330000000025,FALSE
18959,379,371.564133333333,7.43586666666658,FALSE
18962,422,457.073333333333,35.0733333333332,FALSE
18964,436,440.1988,4.19880000000018,FALSE
18974,398,403.093133333333,5.09313333333347,FALSE
19003,518,512.174933333334,5.82506666666632,FALSE
19005,510,490.6798,19.3202000000001,FALSE
19007,499,484.1208,14.8792000000001,FALSE
19009,446,446.671866666667,0.671866666666631,FALSE
19013,359,364.592433333333,5.5924333333333,FALSE
19015,471,450.427533333333,20.572466666667,FALSE
19020,443,437.053133333333,5.94686666666666,FALSE
19034,387,378.954633333333,8.04536666666667,FALSE
19038,400,399.913633333333,0.0863666666668905,FALSE
19039,431,424.506433333333,6.49356666666665,FALSE
19042,490,522.2633,32.2633,FALSE
19045,502,503.887866666666,1.88786666666641,FALSE
19059,462,468.4911,6.49109999999996,FALSE
19062,484,485.256033333333,1.25603333333345,FALSE
19063,480,486.8083,6.80829999999969,FALSE
19071,540,524.4017,15.5982999999999,FALSE
19075,462,470.2312,8.23120000000011,FALSE
19078,501,601.138133333333,100.138133333333,FALSE
19079,522,506.1742,15.8258,FALSE
19084,570,556.823266666666,13.1767333333336,FALSE
19087,539,534.716266666667,4.28373333333343,FALSE
19092,347,355.9413,8.94130000000007,FALSE
19095,207,199.0328,7.9672000000001,FALSE
19096,126,132.0897,6.08970000000002,FALSE
19097,144,137.9352,6.06480000000005,FALSE
19099,373,370.6928,2.30719999999997,FALSE
19101,461,449.324833333333,11.6751666666668,FALSE
19104,435,419.845933333333,15.1540666666666,FALSE
19106,396,386.9688,9.0311999999999,FALSE
19110,512,505.963333333333,6.03666666666692,FALSE
19114,187,182.5746,4.42540000000002,FALSE
19116,318,329.738666666667,11.7386666666668,FALSE
19122,101,102.2923,1.29230000000004,FALSE
19123,105,105.1024,0.102400000000046,FALSE
19125,541,520.496,20.5039999999999,FALSE
19126,519,511.024966666667,7.97503333333327,FALSE
19130,577,562.456633333333,14.5433666666669,FALSE
19135,456,438.076933333333,17.9230666666667,FALSE
19143,538,530.677,7.32299999999987,FALSE
19144,468,456.642633333333,11.3573666666666,FALSE
19145,500,498.122633333333,1.87736666666689,FALSE
19148,486,463.324866666667,22.6751333333333,FALSE
19150,515,521.0006,6.00059999999985,FALSE
19152,474,469.4764,4.5236000000001,FALSE
19157,502,494.192,7.80800000000016,FALSE
19159,436,424.340633333334,11.6593666666665,FALSE
19163,360,364.343133333333,4.3431333333333,FALSE
19168,104,108.4351,4.43509999999999,FALSE
19181,394,391.7564,2.24360000000019,FALSE
19185,111,113.447066666667,2.44706666666663,FALSE
19189,120,113.1862,6.81379999999999,FALSE
19191,107,108.9494,1.94940000000001,FALSE
19193,118,111.804366666667,6.19563333333328,FALSE
19198,369,369.4042,0.404199999999889,FALSE
19199,115,113.672766666667,1.32723333333328,FALSE
19204,107,107.142233333333,0.142233333333309,FALSE
19207,113,113.009,0.00900000000000034,FALSE
19213,85,83.6635333333334,1.33646666666662,FALSE
19218,130,124.4172,5.58280000000006,FALSE
19219,104,107.776466666667,3.77646666666671,FALSE
19225,84,81.7864333333334,2.21356666666664,FALSE
19231,103,103.157433333333,0.157433333333316,FALSE
19233,89,87.0361333333333,1.96386666666668,FALSE
19238,521,523.677633333333,2.67763333333323,FALSE
19241,408,403.177933333333,4.82206666666667,FALSE
19244,410,393.726633333333,16.2733666666665,FALSE
19256,463,454.974133333333,8.02586666666662,FALSE
19260,169,170.160566666667,1.16056666666663,FALSE
19263,87,82.2090666666666,4.79093333333336,FALSE
19271,192,201.415333333333,9.41533333333331,FALSE
19292,475,457.4197,17.5803,FALSE
19296,304,324.924966666667,20.9249666666666,FALSE
19303,246,262.870333333333,16.8703333333333,FALSE
19318,367,373.4026,6.40260000000012,FALSE
19319,115,113.000866666667,1.99913333333326,FALSE
19321,111,112.610066666667,1.6100666666667,FALSE
19323,117,113.999233333333,3.00076666666666,FALSE
19328,517,510.749333333333,6.25066666666669,FALSE
19345,153,171.6535,18.6534999999999,FALSE
19351,281,263.491033333334,17.5089666666665,FALSE
19359,488,480.644966666667,7.35503333333315,FALSE
19361,278,269.5355,8.46449999999999,FALSE
19363,402,400.8721,1.12789999999973,FALSE
19364,252,279.0525,27.0525,FALSE
19371,413,418.1499,5.14989999999966,FALSE
19387,113,142.863933333333,29.8639333333333,FALSE
19393,160,169.786766666666,9.78676666666647,FALSE
19402,438,428.264033333333,9.7359666666668,FALSE
19412,551,538.647833333333,12.3521666666667,FALSE
19419,387,370.4117,16.5882999999999,FALSE
19435,342,341.190833333333,0.809166666666613,FALSE
19436,381,374.4736,6.52639999999997,FALSE
19439,390,392.984033333334,2.98403333333351,FALSE
19701,477,524.628633333333,47.6286333333333,FALSE
19704,345,328.9855,16.0145,FALSE
19708,366,360.0662,5.93379999999991,FALSE
19709,369,375.9748,6.97480000000036,FALSE
19800,387,372.134633333333,14.8653666666667,FALSE
19804,523,520.8724,2.12759999999992,FALSE
19809,536,531.658833333334,4.34116666666648,FALSE
19810,536,534.219366666666,1.78063333333353,FALSE
19813,381,382.307166666667,1.30716666666666,FALSE
19816,387,380.381933333333,6.61806666666661,FALSE
19817,380,384.072066666666,4.07206666666644,FALSE
19819,392,388.7683,3.23169999999993,FALSE
19833,416,394.104766666667,21.8952333333333,FALSE
19860,479,446.379366666667,32.6206333333332,FALSE
19871,105,103.0745,1.92549999999999,FALSE
19874,124,149.510933333333,25.5109333333333,FALSE
19879,196,192.149433333333,3.85056666666662,FALSE
19885,222,221.535266666667,0.464733333333299,FALSE
19888,212,215.9417,3.94169999999986,FALSE
19895,151,162.558733333333,11.5587333333333,FALSE
19902,546,527.212,18.7880000000001,FALSE
19905,550,525.151466666666,24.8485333333338,FALSE
19906,388,378.904466666667,9.09553333333349,FALSE
19910,542,524.0787,17.9213000000003,FALSE
20002,102,97.3705,4.62949999999996,FALSE
20004,354,345.702066666667,8.29793333333316,FALSE
20006,123,127.992766666667,4.9927666666667,FALSE
20010,92,93.0107,1.01069999999999,FALSE
20012,342,353.803066666667,11.8030666666667,FALSE
20017,365,366.806933333333,1.80693333333323,FALSE
20033,246,372.387,126.387,FALSE
20038,389,362.742,26.2579999999999,FALSE
20044,365,366.156,1.15600000000018,FALSE
20047,123,119.100766666667,3.89923333333334,FALSE
20051,130,128.641566666667,1.35843333333335,FALSE
20057,122,122.666633333333,0.666633333333309,FALSE
20062,338,342.426066666667,4.4260666666666,FALSE
20063,325,329.8181,4.8180999999999,FALSE
20067,339,351.391533333333,12.3915333333334,FALSE
20073,331,338.2611,7.26109999999989,FALSE
20091,357,350.3917,6.6083000000001,FALSE
20097,130,129.7097,0.29030000000003,FALSE
20109,384,373.3869,10.6131,FALSE
20110,138,137.0932,0.906800000000032,FALSE
20111,382,366.303333333334,15.6966666666665,FALSE
20115,99,110.742966666667,11.7429666666667,FALSE
20129,361,361.1651,0.165099999999882,FALSE
20133,364,344.261666666667,19.7383333333333,FALSE
20137,120,110.749666666667,9.25033333333336,FALSE
20139,146,157.290633333333,11.2906333333334,FALSE
20141,127,128.3174,1.31740000000005,FALSE
20316,361,363.8071,2.80709999999982,FALSE
20317,365,366.7985,1.79850000000016,FALSE
20320,362,362.381166666667,0.381166666666786,FALSE
20322,370,369.452966666667,0.547033333333218,FALSE
20330,72,69.8228,2.17719999999997,FALSE
20381,364,363.0484,0.951600000000042,FALSE
20409,384,373.621633333333,10.3783666666668,FALSE
20451,130,128.7887,1.21130000000002,FALSE
20521,157,157.5191,0.519100000000122,FALSE
20622,374,362.900333333333,11.099666666667,FALSE
20624,367,364.898266666667,2.10173333333341,FALSE
20628,366,362.744333333333,3.25566666666663,FALSE
20629,366,363.567166666667,2.43283333333324,FALSE
20630,366,361.283566666667,4.71643333333333,FALSE
20634,363,362.318933333333,0.681066666666709,FALSE
20635,363,362.805333333333,0.194666666666762,FALSE
20647,373,375.1767,2.17670000000004,FALSE
21046,266,248.434066666667,17.5659333333334,FALSE
21412,182,177.4356,4.56440000000003,FALSE
21413,169,161.827166666667,7.1728333333333,FALSE
21499,224,214.355166666667,9.64483333333331,FALSE
21500,222,219.409,2.59099999999987,FALSE
21503,231,219.144066666667,11.8559333333334,FALSE
22118,176,140.7368,35.2632,FALSE
22122,210,192.821866666667,17.1781333333333,FALSE
22123,171,152.518666666667,18.4813333333333,FALSE
22247,82,80.0731,1.9269,FALSE
22899,79,75.4670666666667,3.53293333333335,FALSE
22901,307,313.417633333333,6.41763333333341,FALSE
22907,107,106.835166666667,0.164833333333391,FALSE
22910,130,131.450566666667,1.45056666666665,FALSE
22911,118,123.6062,5.6062,FALSE
22916,127,116.478733333333,10.5212666666666,FALSE
22931,67,67.9563,0.956299999999999,FALSE
22943,198,195.726066666667,2.27393333333322,FALSE
22945,220,221.432733333333,1.43273333333332,FALSE
22951,71,86.0578666666666,15.0578666666666,FALSE
22953,222,209.6903,12.3097,FALSE
22957,128,113.1887,14.8113,FALSE
22970,149,141.008933333333,7.9910666666666,FALSE
22972,168,145.547066666667,22.4529333333332,FALSE
22976,111,106.4326,4.56740000000003,FALSE
23005,220,218.802866666667,1.19713333333328,FALSE
23035,181,183.076766666667,2.07676666666654,FALSE
23039,140,139.655,0.344999999999999,FALSE
23040,176,175.549966666667,0.450033333333266,FALSE
23043,166,167.6656,1.66560000000004,FALSE
23044,212,211.600233333333,0.39976666666675,FALSE
23051,129,127.944633333333,1.05536666666669,FALSE
23052,166,166.780433333333,0.780433333333292,FALSE
23057,141,141.794133333333,0.794133333333235,FALSE
23059,176,175.924866666667,0.0751333333333832,FALSE
23068,169,172.349766666667,3.34976666666671,FALSE
23071,228,232.786166666666,4.78616666666647,FALSE
23073,137,139.549133333333,2.54913333333334,FALSE
23077,209,212.477966666667,3.47796666666653,FALSE
23078,160,162.5265,2.52650000000008,FALSE
23082,190,194.1325,4.13250000000002,FALSE
23085,181,190.928533333333,9.92853333333338,FALSE
23090,191,195.052133333333,4.05213333333333,FALSE
23095,130,131.702666666667,1.70266666666669,FALSE
23099,291,295.773066666667,4.77306666666669,FALSE
23102,196,196.1141,0.114099999999894,FALSE
23103,202,203.880366666667,1.88036666666662,FALSE
23106,236,233.313333333333,2.68666666666687,FALSE
23109,189,190.386033333333,1.38603333333324,FALSE
23110,172,176.014333333333,4.01433333333327,FALSE
23116,275,279.1959,4.19590000000005,FALSE
23117,284,286.011566666667,2.01156666666662,FALSE
23120,225,221.343866666667,3.65613333333349,FALSE
23134,296,302.0502,6.0501999999999,FALSE
23137,205,207.889533333333,2.8895333333333,FALSE
23143,223,226.083,3.08300000000008,FALSE
23146,231,237.533833333333,6.53383333333329,FALSE
23147,219,221.5635,2.56349999999995,FALSE
23156,221,222.754233333333,1.7542333333333,FALSE
23160,229,229.612866666667,0.61286666666652,FALSE
23161,202,207.802133333333,5.80213333333339,FALSE
23163,164,167.119766666667,3.11976666666678,FALSE
23167,153,155.3858,2.38580000000002,FALSE
23171,212,213.865733333333,1.86573333333348,FALSE
23176,215,218.558966666667,3.55896666666663,FALSE
23180,299,304.067533333333,5.06753333333324,FALSE
23186,313,326.5947,13.5946999999999,FALSE
23187,304,304.435433333333,0.435433333333265,FALSE
23188,309,318.986,9.98599999999988,FALSE
23195,303,304.1691,1.1690999999999,FALSE
23197,291,294.675333333333,3.67533333333341,FALSE
23198,292,297.264166666667,5.26416666666682,FALSE
23202,253,254.476966666667,1.47696666666664,FALSE
23215,253,251.692566666667,1.30743333333317,FALSE
23216,233,233.404933333333,0.40493333333319,FALSE
23218,195,196.873633333333,1.87363333333323,FALSE
23223,281,281.917666666667,0.917666666666776,FALSE
23227,271,273.993866666667,2.99386666666663,FALSE
23231,241,244.776533333333,3.77653333333328,FALSE
23235,341,348.551833333334,7.55183333333355,FALSE
23237,336,341.483266666667,5.48326666666668,FALSE
23240,124,128.996933333333,4.99693333333329,FALSE
23244,136,139.117666666667,3.11766666666665,FALSE
23248,188,191.698633333333,3.69863333333325,FALSE
23253,146,147.971666666667,1.97166666666672,FALSE
23254,138,138.059466666667,0.0594666666666797,FALSE
23257,167,174.0484,7.04840000000004,FALSE
23260,178,181.8402,3.84019999999998,FALSE
23263,136,136.103166666667,0.103166666666652,FALSE
23267,235,234.8352,0.164799999999985,FALSE
23272,203,207.4804,4.48040000000017,FALSE
23277,202,206.6512,4.6511999999999,FALSE
23280,249,246.861866666667,2.13813333333326,FALSE
23284,245,248.519533333333,3.51953333333338,FALSE
23288,218,221.121566666667,3.12156666666661,FALSE
23290,192,195.5352,3.53520000000015,FALSE
23501,247,233.680166666667,13.3198333333333,FALSE
23502,259,252.600833333333,6.39916666666667,FALSE
23506,225,227.645466666667,2.64546666666672,FALSE
23507,204,216.6648,12.6647999999999,FALSE
23509,159,154.697033333333,4.30296666666669,FALSE
23515,173,173.6862,0.686200000000127,FALSE
23516,175,174.716733333333,0.283266666666663,FALSE
23536,177,175.379666666667,1.62033333333332,FALSE
23540,213,216.6797,3.67969999999994,FALSE
23545,257,256.4529,0.547099999999944,FALSE
23552,200,206.079166666667,6.07916666666677,FALSE
23557,137,132.712366666667,4.28763333333328,FALSE
23569,232,233.528066666667,1.52806666666675,FALSE
23570,256,251.076433333334,4.9235666666664,FALSE
23571,240,234.575666666667,5.42433333333344,FALSE
23579,248,249.326366666667,1.32636666666664,FALSE
23581,254,255.197333333333,1.1973333333334,FALSE
23582,134,131.385333333333,2.61466666666661,FALSE
23588,170,169.815066666667,0.18493333333339,FALSE
23590,164,167.166066666667,3.16606666666658,FALSE
23591,163,162.665233333333,0.334766666666695,FALSE
23592,177,177.855266666667,0.855266666666722,FALSE
23593,205,203.384833333333,1.61516666666671,FALSE
23596,127,127.328,0.32799999999996,FALSE
23600,200,194.770333333333,5.2296666666667,FALSE
23608,185,188.7902,3.79020000000011,FALSE
23609,135,131.268033333333,3.73196666666664,FALSE
23611,131,129.689733333333,1.31026666666668,FALSE
23612,139,135.104766666667,3.89523333333327,FALSE
23616,128,127.914033333333,0.0859666666667493,FALSE
23617,140,136.712666666667,3.28733333333338,FALSE
23621,193,189.0436,3.95640000000003,FALSE
23630,201,196.732466666667,4.26753333333338,FALSE
23631,125,125.270366666667,0.270366666666646,FALSE
23635,119,117.295733333333,1.70426666666667,FALSE
23637,128,127.223466666667,0.776533333333333,FALSE
23638,195,192.8951,2.10490000000007,FALSE
23640,94,93.1587,0.841300000000004,FALSE
23646,142,141.3524,0.647600000000068,FALSE
23652,130,129.9314,0.0686000000000604,FALSE
23659,276,275.240066666666,0.759933333333606,FALSE
23660,298,291.868733333333,6.13126666666676,FALSE
25000,402,384.405,17.5949999999999,FALSE
25002,375,376.080633333333,1.08063333333314,FALSE
25006,343,356.530933333333,13.5309333333332,FALSE
25008,378,348.719166666667,29.2808333333335,FALSE
25014,527,522.025833333333,4.97416666666663,FALSE
25015,415,380.695666666667,34.3043333333333,FALSE
25021,403,363.478233333333,39.5217666666668,FALSE
25023,491,478.992733333333,12.0072666666667,FALSE
25033,429,350.766533333333,78.2334666666667,FALSE
25034,393,374.5898,18.4102000000002,FALSE
25036,451,433.499866666667,17.5001333333333,FALSE
25039,389,378.707366666666,10.2926333333336,FALSE
25043,415,392.473066666667,22.5269333333332,FALSE
25053,487,481.0853,5.91469999999987,FALSE
25054,423,421.0799,1.9201000000001,FALSE
27011,82,83.7556,1.75560000000004,FALSE
27015,63,61.3595666666667,1.64043333333333,FALSE
27020,53,57.4541666666667,4.45416666666666,FALSE
27027,31,41.0066666666666,10.0066666666666,FALSE
27032,111,106.480133333333,4.51986666666667,FALSE
27033,54,54.7158,0.715799999999994,FALSE
27035,350,346.074633333333,3.92536666666689,FALSE
27044,41,39.4442,1.5558,FALSE
27046,245,254.415466666667,9.41546666666667,FALSE
27052,98,124.748133333333,26.7481333333334,FALSE
31005,20,21.5887666666667,1.58876666666666,FALSE
31006,21,20.9324333333333,0.0675666666666679,FALSE
31008,21,20.8150666666667,0.184933333333333,FALSE
31014,13,34.0246,21.0246,FALSE
31016,14,23.1412666666667,9.14126666666668,FALSE
31017,21,20.7406333333333,0.259366666666665,FALSE
35025,260,276.4121,16.4121,FALSE
35026,83,92.8864666666667,9.88646666666671,FALSE
35027,51,46.4363333333333,4.56366666666666,FALSE
35042,489,465.122133333333,23.8778666666668,FALSE
35043,37,35.3967,1.60330000000001,FALSE
35047,424,478.219766666666,54.2197666666664,FALSE
35050,135,133.198233333333,1.80176666666668,FALSE
35052,81,77.1955333333334,3.80446666666664,FALSE
35054,56,70.6722,14.6722,FALSE
35055,351,339.942233333333,11.0577666666667,FALSE
35056,110,128.3458,18.3458,FALSE
35059,136,137.8428,1.84279999999998,FALSE
35060,156,152.442566666667,3.55743333333334,FALSE
35065,266,266.6008,0.600799999999992,FALSE
35067,430,466.0258,36.0257999999999,FALSE
35068,156,153.1603,2.83969999999999,FALSE
35072,116,114.362766666667,1.63723333333336,FALSE
35073,72,71.8325333333334,0.167466666666627,FALSE
35080,116,118.6211,2.62110000000003,FALSE
35082,282,295.199566666667,13.1995666666666,FALSE
35084,900,897.8507,2.14929999999993,FALSE
35092,592,580.676533333334,11.3234666666663,FALSE
35130,54,57.7463,3.74630000000001,FALSE
35133,44,40.1106666666667,3.88933333333333,FALSE
35137,384,379.357733333333,4.64226666666679,FALSE
35150,140,143.4699,3.46990000000005,FALSE
35153,187,190.383033333333,3.38303333333334,FALSE
35155,61,53.1489666666667,7.85103333333331,FALSE
35157,161,167.5795,6.5795,FALSE
35162,122,126.8787,4.87870000000001,FALSE
35166,206,209.657766666667,3.65776666666665,FALSE
35167,141,147.269333333333,6.26933333333332,FALSE
35168,209,218.522133333333,9.5221333333333,FALSE
35169,115,120.333933333333,5.33393333333336,FALSE
35170,186,189.9391,3.93909999999983,FALSE
35171,378,348.201933333333,29.7980666666668,FALSE
35175,270,306.831666666667,36.8316666666668,FALSE
35177,98,97.5374,0.462600000000009,FALSE
35178,148,147.719433333333,0.280566666666658,FALSE
35184,386,345.518533333333,40.4814666666667,FALSE
35185,309,302.677566666667,6.32243333333332,FALSE
35186,224,215.022466666667,8.9775333333333,FALSE
35190,345,314.537733333333,30.4622666666667,FALSE
35193,135,133.109066666667,1.89093333333332,FALSE
35196,47,43.0096666666667,3.99033333333334,FALSE
35199,91,88.0757666666666,2.92423333333339,FALSE
35206,91,86.7628666666667,4.23713333333335,FALSE
35207,541,524.63,16.3699999999999,FALSE
35211,159,168.402033333333,9.40203333333321,FALSE
35225,470,469.084433333333,0.915566666666678,FALSE
35230,242,240.367233333334,1.63276666666647,FALSE
35232,361,332.984066666667,28.0159333333333,FALSE
35234,390,370.812166666667,19.1878333333332,FALSE
35239,276,286.464833333333,10.4648333333334,FALSE
42040,268,259.1179,8.88209999999992,FALSE
42063,11,118.478933333333,107.478933333333,FALSE
42131,167,191.112066666667,24.1120666666668,FALSE
42137,564,583.568266666667,19.5682666666668,FALSE
42148,529,519.634833333333,9.36516666666705,FALSE
42149,50,49.8948666666667,0.105133333333299,FALSE
42151,465,504.366166666666,39.3661666666663,FALSE
42161,204,202.984833333333,1.01516666666677,FALSE
42171,200,238.4687,38.4687,FALSE
42181,40,36.4973666666667,3.50263333333333,FALSE
42187,127,125.790366666667,1.20963333333336,FALSE
42188,152,142.515733333333,9.48426666666668,FALSE
42190,407,391.987366666667,15.0126333333333,FALSE
42205,148,135.608166666667,12.3918333333333,FALSE
42231,884,873.0246,10.9754,FALSE
42237,373,351.4938,21.5062000000001,FALSE
42265,379,383.554766666667,4.55476666666652,FALSE
42272,531,520.708433333333,10.291566666667,FALSE
43046,398,378.6834,19.3166,FALSE
43059,593,574.8769,18.1230999999998,FALSE
43075,10,48.4232,38.4232,FALSE
43078,329,330.268266666667,1.2682666666667,FALSE
43100,464,441.142033333333,22.8579666666668,FALSE
43112,97,99.2261,2.22609999999997,FALSE
43128,224,223.642633333333,0.357366666666678,FALSE
43129,290,287.863466666667,2.13653333333349,FALSE
43136,123,118.717633333333,4.28236666666669,FALSE
43137,197,190.276866666667,6.72313333333327,FALSE
43154,50,32.1641666666667,17.8358333333333,FALSE
43215,202,210.124166666667,8.12416666666672,FALSE
43216,368,332.527533333333,35.4724666666665,FALSE
43260,358,276.9186,81.0814,FALSE
43283,239,242.660733333333,3.66073333333335,FALSE
43287,213,220.679566666667,7.67956666666663,FALSE
43297,615,621.747933333333,6.74793333333332,FALSE
43311,62,60.5472,1.45280000000002,FALSE
43312,37,33.1472333333333,3.85276666666667,FALSE
43327,145,142.257933333333,2.74206666666669,FALSE
43346,95,84.8017666666667,10.1982333333333,FALSE
43350,22,19.6709,2.3291,FALSE
43355,231,231.1308,0.130799999999823,FALSE
43369,49,48.4415666666667,0.558433333333312,FALSE
43379,165,156.584533333333,8.4154666666667,FALSE
43387,19,17.5567333333333,1.44326666666667,FALSE
43391,162,166.719833333333,4.71983333333333,FALSE
43393,344,344.835033333333,0.835033333333229,FALSE
43447,557,525.516233333333,31.4837666666666,FALSE
43450,115,108.1201,6.87989999999999,FALSE
43495,380,358.674,21.3260000000002,FALSE
43497,36,55.4848333333333,19.4848333333333,FALSE
43507,312,315.841366666667,3.84136666666666,FALSE
43528,141,132.2179,8.78209999999999,FALSE
43541,255,261.2829,6.2829000000001,FALSE
43584,353,378.093333333333,25.0933333333332,FALSE
43595,377,382.214366666667,5.21436666666671,FALSE
44005,884,885.101833333333,1.10183333333339,FALSE
44260,350,343.8831,6.11690000000004,FALSE
48052,370,334.4843,35.5156999999997,FALSE
90240,111,112.534,1.53400000000003,FALSE
